anon_id,y,score_mlp,n_chunks,chunk_scores_mlp,score_logreg,prob_mlp,pred_mlp,backbone,layer,pooling
call_0181ce113ebe,1,7.923037111759186,16,"[8.459, 6.262, 4.973, 10.588, 6.752, 5.006, 10.74, 12.403, 9.415, 4.612, 6.978, 8.936, 12.525, 7.539, 1.264, 10.315]",11.117044061422348,0.999637830906633,1,wavlm,9,mean
call_018c9d3823ac,1,11.777587741613388,16,"[11.928, 15.311, 11.048, 18.523, 16.057, 9.482, 13.931, 6.742, 5.994, 11.585, 9.56, 10.878, 10.071, 7.953, 14.966, 14.412]",14.153592020273209,0.9999923254079288,1,wavlm,9,mean
call_01bf49059daf,1,9.188830530643463,20,"[11.397, 11.778, 15.299, 12.003, 11.418, 10.566, 6.098, 4.96, 4.607, 11.782, 4.822, 7.107, 10.194, 4.659, 7.673, 6.976, 10.644, 14.426, 14.778, 2.591]",11.572809278964996,0.9998978361539579,1,wavlm,9,mean
call_01c3806808d6,1,8.71136508669172,7,"[13.708, 9.061, 9.602, 6.082, 7.463, 10.607, 4.456]",10.38655069896153,0.9998353238559919,1,wavlm,9,mean
call_02c249d2f89d,1,6.140071541070938,12,"[7.96, 4.243, 5.041, 16.687, 10.858, 5.588, 2.516, 4.385, -1.201, 6.322, 7.447, 3.834]",8.631469011306763,0.9978498635899987,1,wavlm,9,mean
call_02d28871d7b3,1,8.750264088312784,12,"[5.463, 8.769, 13.813, 9.375, 4.63, 9.991, 7.632, 4.534, 8.336, 12.465, 12.508, 7.487]",11.424526969591776,0.9998416056099003,1,wavlm,9,mean
call_03680846967f,1,10.950775349140168,20,"[8.05, 11.431, 4.683, 6.407, 8.655, 3.863, 10.477, 8.891, 13.277, 14.467, 10.044, 16.11, 17.046, 11.993, 11.228, 10.504, 13.088, 12.55, 17.176, 9.076]",12.708863735198975,0.9999824559008154,1,wavlm,9,mean
call_04d682ac0cef,0,-6.118593367663297,11,"[-12.196, -2.012, -6.326, -6.399, -6.731, -10.003, -3.591, -6.812, -5.137, -3.829, -4.269]",-7.889160633087158,0.0021967143804888624,0,wavlm,9,mean
call_05d6615469e1,1,10.973119411468506,25,"[11.087, 11.501, 13.387, 10.26, 7.778, 13.461, 10.101, 5.994, 13.493, 7.96, 14.001, 10.637, 12.572, 8.982, 9.523, 10.906, 14.39, 13.685, 17.874, 10.5, 10.844, 11.592, 8.824, 11.285, 3.689]",12.71911636352539,0.9999828435535393,1,wavlm,9,mean
call_0615c3630150,0,-8.957420086860656,15,"[-2.327, -2.486, -1.294, -8.037, -12.617, -4.475, -7.012, -5.396, -11.383, -11.446, -15.837, -18.418, -18.121, -1.544, -13.969]",-12.947484811147055,0.00012876148009214583,0,wavlm,9,mean
call_064d8dd77899,1,16.941023349761963,8,"[22.133, 13.993, 19.573, 11.687, 22.388, 16.808, 17.211, 11.734]",20.7795649766922,0.9999999560855929,1,wavlm,9,mean
call_06b5a78ea12e,1,11.25071331858635,16,"[9.911, 14.528, 13.838, 11.226, 13.705, 9.238, 6.884, 14.078, 9.4, 14.557, 9.661, 8.643, 11.694, 7.248, 10.031, 15.369]",13.146190792322159,0.9999870021463311,1,wavlm,9,mean
call_092aef8d1243,0,-10.74049566189448,12,"[-16.486, -2.82, -14.628, -8.982, -3.437, -12.384, -9.913, -18.731, -14.693, -19.931, -4.617, -2.264]",-15.324359695116678,2.164973569086286e-05,0,wavlm,9,mean
call_098d8081babe,1,9.99792766571045,12,"[7.521, 7.09, 12.89, 13.195, 12.379, 12.084, 10.877, 8.645, 10.544, 6.344, 7.145, 11.261]",9.904424945513407,0.9999545079584724,1,wavlm,9,mean
call_099dffdf8486,1,7.874949359893799,10,"[7.907, 4.522, 7.224, 7.533, 13.108, 2.54, 9.824, 3.943, 12.138, 10.011]",10.925083112716674,0.9996199962496172,1,wavlm,9,mean
call_0a9c546208d1,0,-8.73304945230484,8,"[-10.938, -6.944, -5.082, -4.781, -12.07, -12.333, -9.033, -8.683]",-13.129518866539001,0.0001611442535191372,0,wavlm,9,mean
call_0ab7d2a0c0f5,0,-5.877641598383586,9,"[-7.456, -3.501, -4.844, -3.26, -5.407, -7.768, -6.754, -4.792, -9.116]",-6.90374035305447,0.002793558448916861,0,wavlm,9,mean
call_0e101713ee94,1,8.490362778953884,23,"[12.18, 7.227, 2.783, 6.733, 5.758, 8.281, 3.804, 11.972, 7.27, 10.799, 10.477, 7.945, 10.264, 4.819, 6.547, 4.823, 15.436, 7.693, 6.585, 10.556, 5.216, 14.939, 13.171]",10.90576664261196,0.9997946034786458,1,wavlm,9,mean
call_10ceaf16fbbf,1,12.315913359324137,12,"[10.038, 13.64, 15.124, 10.943, 16.893, 14.146, 12.177, 4.315, 12.838, 11.973, 14.169, 11.536]",16.471973717212677,0.9999955201358659,1,wavlm,9,mean
call_11d3230256a1,0,-9.569221448898315,10,"[-12.972, -8.926, -7.106, -6.451, -13.904, -4.942, -8.392, -12.542, -11.268, -9.191]",-13.27633261680603,6.984086282494858e-05,0,wavlm,9,mean
call_1612f093f8b5,0,-10.075643624578204,28,"[-14.661, -12.306, -11.5, -5.338, -15.347, -9.233, -11.039, -14.529, -7.069, -7.765, -7.425, -10.352, -11.533, -8.459, -4.083, -14.886, -9.238, -4.643, -10.564, -10.711, -11.019, -13.595, -8.353, -10.42, -10.793, -7.271, -11.585, -8.4]",-12.831048454557147,4.209061700607294e-05,0,wavlm,9,mean
call_16581bcbc272,0,-8.762185192108154,10,"[-17.0, -5.407, -12.939, -12.546, -5.648, -2.768, -10.166, -4.639, -6.749, -9.76]",-9.656917095184326,0.00015651765826004785,0,wavlm,9,mean
call_1761edbd6952,0,-12.996318504214287,32,"[-12.828, -21.319, -20.265, -9.955, -7.65, -16.658, -10.166, -11.17, -10.546, -8.766, -14.762, -13.147, -16.287, -9.819, -4.806, -12.954, -17.401, -11.479, -10.848, -9.534, -10.304, -7.899, -13.81, -20.812, -13.691, -18.054, -11.738, -15.172, -17.603, -10.155, -16.96, -9.325]",-17.67501752078533,2.268660989734313e-06,0,wavlm,9,mean
call_186e9d6ee732,1,9.760228586196899,5,"[14.954, 16.645, 4.875, 3.555, 8.772]",12.383409118652343,0.9999423018983861,1,wavlm,9,mean
call_189410107163,1,8.567596521642473,27,"[5.61, 11.049, 11.306, 14.861, 9.82, 8.965, 9.324, 8.827, 11.107, 8.028, 14.835, 12.473, 8.072, 8.718, 9.802, 8.902, 6.228, 7.01, 3.466, 8.787, 5.221, 12.208, 0.295, 1.823, 5.02, 8.537, 11.03]",11.183266021587231,0.9998098669889801,1,wavlm,9,mean
call_18bd3c505fd5,1,13.988541456369253,13,"[13.434, 15.691, 17.01, 11.548, 15.177, 10.408, 17.518, 22.483, 14.766, 8.088, 8.242, 13.814, 13.672]",17.44083723655114,0.999999158889082,1,wavlm,9,mean
call_1a2f3635b411,1,6.4245104392369585,12,"[2.707, 4.471, 11.72, 7.902, 12.103, 9.272, 2.13, 6.012, 5.603, 10.461, 2.967, 1.746]",8.215792834758759,0.9983812976239133,1,wavlm,9,mean
call_1ad99899456c,1,10.34752723445063,23,"[12.37, 12.804, 9.254, 5.411, 9.218, 11.079, 13.035, 13.656, 13.442, 10.814, 4.739, 14.574, 11.103, 9.747, 12.538, 9.8, 9.558, 12.051, 6.718, 8.482, 14.027, 3.083, 10.492]",12.37356372501539,0.9999679290302423,1,wavlm,9,mean
call_1ba56b3cce45,1,8.107316419482231,16,"[7.42, 10.66, 11.944, 4.398, 7.72, 12.709, 6.991, 10.111, 6.27, 13.342, 9.372, 9.972, 4.0, 3.918, 3.675, 7.216]",9.460460588335991,0.9996987643473992,1,wavlm,9,mean
call_1bf0aa4d4324,0,-6.332898770059858,14,"[-10.597, -8.283, -4.71, -3.815, -5.144, -6.76, -4.188, -3.692, -6.017, -5.432, -7.112, -7.972, -5.445, -9.495]",-8.290626832417079,0.0017737238562938991,0,wavlm,9,mean
call_1cc930924760,1,11.143893559773764,15,"[8.786, 11.237, 15.774, 16.255, 10.277, 12.011, 11.192, 10.904, 10.216, 9.123, 12.576, 10.533, 10.812, 8.895, 8.57]",15.430253728230793,0.9999855368717001,1,wavlm,9,mean
call_1ee2936b46a7,1,5.435126066207886,10,"[3.471, 6.36, 14.09, 3.07, 1.815, 4.244, 6.357, 3.103, 7.752, 4.089]",8.062817358970642,0.995658247763497,1,wavlm,9,mean
call_224586045e67,0,-8.030792742967606,16,"[-13.107, -13.591, -9.767, -11.312, -7.476, -2.947, -6.533, -6.433, -9.16, -2.567, -6.573, -11.31, -5.519, -4.644, -8.548, -9.005]",-9.895218312740326,0.0003251844558060709,0,wavlm,9,mean
call_22d0f235a47e,0,-7.636238795060378,13,"[-7.9, -4.949, -10.051, -10.043, -9.793, -6.607, -7.999, -8.986, -8.068, -8.88, -4.235, -5.553, -6.208]",-11.930549254784218,0.00048240752239806216,0,wavlm,9,mean
call_22eacbc23d18,0,-8.720339706965856,14,"[-6.864, -7.535, -8.252, -11.352, -9.389, -9.728, -7.966, -7.159, -5.45, -7.228, -11.853, -12.289, -5.77, -11.249]",-11.770470414842878,0.00016320509029696517,0,wavlm,9,mean
call_23991b635849,0,-8.552126784073678,19,"[-13.074, -7.331, -5.946, -6.896, -6.645, -10.424, -6.797, -10.214, -10.55, -2.64, -11.086, -6.581, -9.631, -13.108, -9.379, -6.829, -11.664, -8.355, -5.34]",-11.49040601128026,0.00019309661483137063,0,wavlm,9,mean
call_24e1989c4d6d,1,7.591854000091553,15,"[4.616, 9.261, 6.512, 6.867, 8.784, 7.151, 4.909, 9.882, 5.11, 12.384, 7.799, 6.365, 3.748, 8.331, 12.16]",12.59875685373942,0.9994957096767839,1,wavlm,9,mean
call_253156878935,1,4.998681081665887,9,"[2.667, 11.08, 9.36, 7.924, 2.879, 0.808, 4.36, 3.957, 1.954]",8.302102645238241,0.9932983751245457,1,wavlm,9,mean
call_26be2ced1f65,1,9.479085385799408,16,"[8.229, 13.359, 6.585, 7.6, 6.913, 11.144, 11.498, 8.044, 8.73, 5.381, 8.718, 13.079, 12.651, 5.978, 8.121, 15.636]",10.785102635622025,0.9999235720290353,1,wavlm,9,mean
call_2741c273bfcc,1,9.42044973373413,25,"[6.209, 11.798, 10.279, 12.462, 11.175, 8.082, 9.611, 4.02, 12.825, 12.377, 2.541, 10.906, 9.153, 5.299, 9.986, 13.302, 8.851, 6.554, 6.395, 8.458, 8.617, 12.207, 10.022, 14.337, 10.049]",11.393313198089599,0.9999189570081088,1,wavlm,9,mean
call_290aacdf95ca,1,5.771039319038391,10,"[5.022, 9.918, 1.965, 8.225, 2.805, 6.478, 4.694, 7.716, 7.838, 3.049]",8.24668517112732,0.9968931657259748,1,wavlm,9,mean
call_29a23dea3118,1,12.301230557759602,15,"[15.95, 14.212, 16.573, 12.619, 10.161, 15.2, 13.036, 10.04, 5.166, 14.183, 10.568, 7.792, 17.47, 12.514, 9.034]",12.77349756558736,0.9999954538739438,1,wavlm,9,mean
call_29e423c5b8aa,0,-10.534640328089397,15,"[-3.098, -12.088, -17.097, -9.65, -19.038, -6.684, -14.334, -9.315, -15.056, -10.271, -14.844, -5.308, -8.139, -5.797, -7.301]",-15.601001008351643,2.6598202313877672e-05,0,wavlm,9,mean
call_29f2b21b3d8a,1,16.453570758595188,17,"[18.816, 12.808, 11.411, 18.951, 18.148, 18.883, 19.584, 14.96, 20.871, 19.59, 9.438, 10.551, 18.606, 15.021, 15.837, 19.077, 17.158]",20.740737129660214,0.9999999285001746,1,wavlm,9,mean
call_29fddbedd6a4,0,-10.937429010868073,16,"[-11.738, -6.585, -9.681, -13.495, -13.08, -8.965, -12.265, -9.931, -15.524, -13.291, -13.936, -9.009, -8.18, -12.33, -11.474, -5.514]",-13.485512167215347,1.7779813969516162e-05,0,wavlm,9,mean
call_2a34be1bd407,0,-9.822709696633476,14,"[-14.697, -4.586, -14.293, -9.88, -13.149, -11.285, -14.173, -7.98, -6.939, -6.453, -7.494, -9.504, -10.764, -6.321]",-13.416540213993617,5.420356365075436e-05,0,wavlm,9,mean
call_2cd6a0b37e59,1,10.428403105054583,7,"[15.171, 12.048, 11.118, 10.551, 9.195, 10.089, 4.827]",12.984416689191546,0.9999704206088743,1,wavlm,9,mean
call_2d2c74bdeb7b,0,-8.740978121757507,12,"[-13.477, -9.418, -7.37, -6.706, -4.703, -10.835, -8.66, -7.477, -15.545, -2.011, -9.747, -8.944]",-12.223326245943705,0.00015987184916302615,0,wavlm,9,mean
call_30c4f6565eec,1,15.910797993342081,12,"[15.559, 19.371, 14.99, 18.345, 14.418, 11.372, 19.342, 18.984, 11.66, 16.995, 14.763, 15.131]",19.957908630371094,0.999999876965141,1,wavlm,9,mean
call_312805f2b67f,1,5.950239845684597,14,"[9.953, 6.613, 6.369, 1.772, 2.872, 2.96, 5.335, 8.554, 5.381, 6.442, 6.581, 7.039, 9.57, 3.861]",7.417379992348807,0.9974015539185,1,wavlm,9,mean
call_3332ecee2806,0,-9.1266148686409,16,"[-6.955, -9.109, -6.714, -10.109, -10.867, -15.298, -7.343, -13.646, -12.745, -8.209, -10.295, -6.509, -5.002, -15.189, -1.552, -6.481]",-13.017810136079788,0.00010872121683943506,0,wavlm,9,mean
call_349b9fddaff0,0,-7.966404388348262,12,"[-12.16, -11.396, -7.419, -16.959, -6.256, -7.517, -8.076, -0.834, -9.149, -2.962, -2.522, -10.347]",-11.02162222067515,0.0003468038358800846,0,wavlm,9,mean
call_34f4c668dbe8,0,-13.105483078375094,41,"[-21.847, -16.502, -11.754, -9.887, -16.281, -14.383, -12.94, -7.875, -14.225, -7.845, -8.092, -10.953, -13.38, -10.819, -7.911, -11.584, -17.101, -19.08, -17.409, -6.937, -17.237, -13.371, -15.137, -20.698, -8.221, -15.624, -17.689, -20.054, -9.815, -10.887, -10.361, -8.551, -16.155, -10.059, -16.74, -10.093, -15.326, -15.556, -7.675, -16.236, -5.035]",-15.876767228289347,2.0340430153194985e-06,0,wavlm,9,mean
call_35966c559fcc,0,-13.590293754230846,11,"[-21.012, -13.984, -10.997, -11.65, -7.56, -12.156, -12.701, -14.872, -5.879, -23.321, -15.361]",-16.993435642936014,1.2525926848759195e-06,0,wavlm,9,mean
call_36640e327eaf,0,-8.994295226203072,18,"[-6.234, -13.546, -13.362, -7.988, -7.632, -10.503, -4.493, -5.231, -5.297, -7.607, -9.006, -12.239, -10.547, -6.579, -10.158, -10.618, -9.323, -11.534]",-12.104241291681925,0.0001241004382489156,0,wavlm,9,mean
call_373750027ccd,1,12.597757135118757,14,"[11.929, 15.541, 5.245, 18.702, 9.935, 13.755, 11.241, 5.011, 14.397, 15.561, 17.7, 9.721, 14.142, 13.488]",15.13849653516497,0.999996620424725,1,wavlm,9,mean
call_374f870c8124,1,8.636006832122803,11,"[4.833, 6.101, 11.604, 14.294, 9.054, 8.777, 9.81, 4.4, 12.751, 7.47, 5.902]",10.460607160221446,0.9998224368807779,1,wavlm,9,mean
call_37e63dcc8185,1,7.530226537159511,14,"[9.828, 10.914, 14.098, 6.859, 8.314, 3.871, 9.436, 6.799, 3.837, 4.192, 8.794, 4.895, 6.644, 6.942]",10.998416815485273,0.9994636711237238,1,wavlm,9,mean
call_387c5493a07f,1,10.273167542048864,14,"[12.798, 13.735, 10.69, 13.579, 14.178, 7.008, 14.006, 12.913, 6.148, 4.507, 9.211, 7.958, 10.743, 6.349]",13.2078024659838,0.9999654534230952,1,wavlm,9,mean
call_39880aff21ed,1,16.047393299284437,21,"[19.946, 15.269, 15.237, 13.382, 15.165, 19.956, 18.336, 11.618, 20.736, 18.558, 13.809, 14.01, 14.415, 12.814, 14.126, 16.739, 13.67, 17.439, 16.221, 16.918, 18.63]",17.638469923110236,0.9999998926738392,1,wavlm,9,mean
call_3adbf4ac0f30,0,-6.689139404080131,22,"[-10.966, -4.945, -5.399, -3.344, -11.712, -1.072, -3.199, -6.622, -5.05, -6.663, -10.387, -8.945, -11.515, -7.857, -8.421, -9.392, -4.482, -3.517, -8.285, -3.717, -3.388, -8.285]",-8.981589837507768,0.0012428067070784335,0,wavlm,9,mean
call_3b1bf9fab29d,0,-7.621286286248101,9,"[-9.542, -6.171, -10.042, -4.092, -6.769, -13.334, -8.461, -5.039, -5.142]",-9.069982263776991,0.0004896713640214806,0,wavlm,9,mean
call_3ca96b2dd5c4,0,-8.673395565577916,21,"[-6.363, -11.84, -5.79, -10.295, -11.489, -6.859, -14.411, -7.828, -7.373, -6.684, -6.717, -3.595, -14.235, -8.673, -11.293, -11.938, -10.47, -8.093, -3.889, -5.782, -8.525]",-13.777595361073812,0.00017104795055648792,0,wavlm,9,mean
call_3cd08cbaf55c,1,10.62415589605059,14,"[11.629, 12.883, 14.235, 9.897, 8.973, 16.546, 6.624, 5.815, 4.318, 5.377, 12.646, 18.135, 11.202, 10.459]",11.654447538512093,0.9999756792391671,1,wavlm,9,mean
call_3d69be34ef44,0,-7.87187318240895,17,"[-15.111, -5.42, -9.73, -5.324, -9.971, -7.242, -10.594, -6.641, -8.101, -2.212, -7.955, -9.671, -7.571, -7.363, -7.386, -8.176, -5.354]",-11.173653770895566,0.0003811740629087709,0,wavlm,9,mean
call_3f3ac4984431,0,-8.303197407722473,20,"[-13.978, -8.732, -8.31, -4.299, -11.96, -15.626, -4.671, -7.673, -8.019, -8.078, -6.025, -9.204, -11.326, -6.917, -5.0, -7.259, -6.947, -7.702, -6.201, -8.137]",-11.945620512962341,0.0002476621347509185,0,wavlm,9,mean
call_415d987a1504,1,4.627173993322584,9,"[1.43, 6.736, 9.433, 1.17, 5.552, 6.104, 3.122, 2.76, 5.339]",8.507003784179688,0.9903124025099397,1,wavlm,9,mean
call_41fc5fd779c9,1,13.429074096679688,5,"[17.105, 19.086, 10.492, 9.903, 10.559]",18.766754150390625,0.9999985282752836,1,wavlm,9,mean
call_450b4e13468b,1,8.464028771718343,15,"[9.47, 6.513, 5.453, 11.629, 7.061, 7.3, 11.623, 10.911, 7.919, 10.535, 9.265, 6.596, 3.973, 9.53, 9.181]",10.53076203664144,0.9997891238724452,1,wavlm,9,mean
call_4789ebd9b148,1,8.712865511576334,12,"[7.656, 11.698, 10.655, 9.129, 5.546, 8.442, 10.669, 5.945, 9.3, 7.335, 9.303, 8.877]",10.697346329689026,0.9998355707143061,1,wavlm,9,mean
call_486215b37ca1,0,-9.509155287887111,33,"[-12.755, -9.6, -4.249, -7.89, -13.171, -11.585, -10.759, -5.762, -6.923, -15.799, -5.112, -8.992, -16.905, -11.605, -11.807, -6.137, -8.802, -4.498, -8.168, -12.661, -9.397, -9.524, -8.884, -8.521, -4.383, -9.323, -8.671, -19.276, -10.894, -10.804, -8.692, -7.864, -4.388]",-12.930388710715555,7.416416656694584e-05,0,wavlm,9,mean
call_488e7b893457,0,-9.5965591944181,13,"[-9.015, -14.634, -9.783, -7.977, -12.337, -12.879, -6.879, -6.325, -9.143, -6.356, -9.696, -10.096, -9.634]",-12.758020180922289,6.795756074682995e-05,0,wavlm,9,mean
call_4ac92327c83b,0,-8.828557926065782,17,"[-13.219, -9.842, -9.095, -7.778, -3.865, -10.957, -9.936, -5.268, -11.586, -7.552, -7.272, -11.604, -7.421, -10.919, -8.247, -6.912, -8.613]",-9.961543980766745,0.00014646787970992888,0,wavlm,9,mean
call_4b1bec58d02d,1,9.798645434172258,23,"[3.948, 14.359, 14.031, 9.708, 4.246, 13.811, 4.788, 9.509, 6.617, 8.754, 2.197, 15.33, 10.43, 8.044, 14.875, 14.175, 9.004, 8.075, 9.778, 4.785, 17.693, 8.936, 12.276]",12.223387230997501,0.9999444763198808,1,wavlm,9,mean
call_4baef170cf46,0,-10.58824110031128,16,"[-12.069, -11.458, -14.989, -10.987, -9.254, -8.18, -5.762, -6.022, -24.501, -8.224, -2.438, -13.081, -13.797, -8.313, -12.216, -8.121]",-14.531264126300812,2.521008838759979e-05,0,wavlm,9,mean
call_4c278007298d,0,-11.509914504157173,18,"[-18.617, -17.106, -16.34, -12.632, -13.536, -17.531, -10.694, -7.237, -9.983, -10.777, -12.478, -5.58, -11.318, -8.361, -9.398, -9.323, -11.54, -4.73]",-16.421305444505478,1.0030054380085029e-05,0,wavlm,9,mean
call_4c8c40f7c2fd,0,-7.077633270850549,13,"[-2.775, -5.168, -7.75, -8.559, -6.447, -6.48, -11.438, -3.68, -12.815, -7.926, -5.545, -4.935, -8.491]",-10.810560043041523,0.0008430564130254779,0,wavlm,9,mean
call_4cd5b14fbe3c,1,14.744042873382568,16,"[17.514, 14.971, 14.779, 15.567, 16.826, 15.772, 15.938, 15.211, 10.54, 13.046, 10.344, 5.25, 14.448, 18.851, 20.295, 16.553]",18.35589399933815,0.9999996048669402,1,wavlm,9,mean
call_4d8129939686,1,15.418722438812257,10,"[16.347, 18.922, 17.463, 12.733, 19.757, 15.771, 19.871, 13.999, 13.158, 6.166]",20.658563232421876,0.9999997987509498,1,wavlm,9,mean
call_4e60206f7e8a,0,-6.222971274302556,13,"[-7.468, -5.741, -4.159, -3.271, -8.417, -3.945, -8.078, -4.328, -9.285, -6.525, -3.913, -11.935, -3.835]",-8.429461112389198,0.0019794175316858575,0,wavlm,9,mean
call_4e9cec0da4ea,1,10.813606555645283,13,"[12.691, 11.744, 6.845, 18.796, 7.056, 14.065, 11.256, 14.788, 5.518, 12.718, 8.001, 8.573, 8.526]",14.044357446523813,0.9999798765886974,1,wavlm,9,mean
call_4f0dad5104b3,0,-9.80567432641983,20,"[-12.691, -20.253, -7.117, -7.753, -13.383, -3.703, -11.67, -6.918, -9.978, -7.617, -6.701, -7.62, -3.724, -8.66, -18.916, -6.813, -10.529, -11.084, -10.349, -10.636]",-13.809624814987183,5.51347999713466e-05,0,wavlm,9,mean
call_51851f91f064,0,-7.1648119449615475,10,"[-6.19, -6.156, -9.693, -12.352, -5.19, -2.332, -3.249, -11.101, -7.961, -7.425]",-9.423846578598022,0.0007727268228398587,0,wavlm,9,mean
call_5273f6be303c,0,-7.7986371368169785,16,"[-12.167, -7.706, -8.158, -9.233, -9.474, -8.225, -3.778, -2.462, -6.284, -10.77, -4.614, -4.59, -6.182, -6.245, -17.872, -7.019]",-13.122159242630005,0.0004101255004516919,0,wavlm,9,mean
call_52ba7c3bd761,1,13.448287804921469,12,"[15.717, 14.901, 13.809, 12.962, 12.616, 15.668, 10.998, 12.4, 12.838, 12.683, 14.02, 12.768]",13.618444601694742,0.9999985562826081,1,wavlm,9,mean
call_52bfee0220ab,1,7.9034812073958545,19,"[7.628, 10.675, 18.651, 9.217, 10.332, 6.634, 4.574, 6.211, 8.431, 7.077, 3.928, 7.717, 12.92, 2.899, 10.286, 8.227, -2.323, 6.594, 10.489]",9.683239121186105,0.9996306812975125,1,wavlm,9,mean
call_54a09817b7e2,1,10.105600237846375,8,"[9.088, 16.551, 8.26, 8.221, 7.629, 10.101, 15.469, 5.526]",12.58005976676941,0.9999591515257392,1,wavlm,9,mean
call_565b6523733e,0,-6.952291531996294,11,"[-17.426, -12.096, -5.481, -5.267, -4.047, -7.224, -3.255, -6.234, -4.166, -6.738, -4.54]",-8.150365222584117,0.0009555270204508067,0,wavlm,9,mean
call_568b5e814bc3,0,-9.933134110768636,15,"[-8.785, -5.841, -7.274, -9.86, -9.133, -13.942, -11.032, -4.587, -8.236, -9.355, -20.632, -6.821, -15.821, -13.092, -4.587]",-14.849758593241374,4.8537073545881895e-05,0,wavlm,9,mean
call_56f58de34ea0,1,15.288218064741654,11,"[18.535, 18.449, 8.263, 18.093, 15.487, 16.877, 7.934, 17.472, 15.882, 14.005, 17.173]",17.69453126733953,0.9999997706962502,1,wavlm,9,mean
call_578504f9f39e,1,11.939489277926358,11,"[11.728, 9.97, 14.294, 9.211, 15.918, 17.426, 11.453, 11.465, 9.311, 11.36, 9.199]",15.28367857499556,0.9999934725605031,1,wavlm,9,mean
call_57f113803718,0,-9.707567821849477,11,"[-10.709, -9.349, -8.329, -10.554, -7.13, -9.347, -12.233, -11.354, -11.161, -4.866, -11.751]",-13.92507180300626,6.0817763948321396e-05,0,wavlm,9,mean
call_5823cd70919d,1,6.705852050047654,13,"[9.678, 5.118, 10.393, 9.737, 7.766, 8.84, 7.433, 3.533, 5.371, 9.401, 2.927, 2.041, 4.938]",9.947375957782452,0.9987777661030086,1,wavlm,9,mean
call_58a0f7394bc3,1,7.682823210954666,16,"[2.867, 7.672, 13.122, 7.504, 10.563, 9.46, 8.948, 6.127, 5.375, 8.108, 5.132, 3.876, 5.174, 12.858, 6.603, 9.534]",10.460059702396393,0.999539539635875,1,wavlm,9,mean
call_5a6307557d57,0,-5.787774122678316,13,"[-4.073, -3.353, -5.106, -7.045, -5.606, -5.382, -7.21, -2.934, -5.765, -4.551, -4.881, -11.786, -7.549]",-6.6245293250450725,0.0030554321729767417,0,wavlm,9,mean
call_5a7a7e3c9588,1,9.879978213991437,21,"[17.101, 12.109, 16.185, 10.573, 15.374, 10.65, 8.944, 5.863, 4.429, 14.414, 7.125, 5.427, 7.997, 14.835, 5.146, 9.514, 11.213, 3.361, 7.386, 8.742, 11.092]",13.088441167558942,0.9999488132271503,1,wavlm,9,mean
call_5c9d19646f57,0,-11.434586524963379,8,"[-10.054, -12.765, -11.509, -13.331, -13.126, -7.549, -12.757, -10.387]",-16.847952246665955,1.0814774604368329e-05,0,wavlm,9,mean
call_5d86f0ca06aa,1,15.839746356010437,8,"[14.197, 11.407, 20.361, 12.984, 18.47, 15.09, 18.892, 15.318]",19.77624797821045,0.9999998679052656,1,wavlm,9,mean
call_5f7a4b3e8ca9,0,-12.113584105173747,15,"[-15.378, -6.273, -8.06, -10.611, -15.158, -12.786, -9.083, -13.079, -16.457, -14.877, -9.694, -11.127, -12.115, -13.709, -13.297]",-16.252576764424642,5.484472777386864e-06,0,wavlm,9,mean
call_60ffdefc5f5a,0,-10.324205994606018,12,"[-20.77, -9.421, -16.46, -6.895, -4.652, -13.615, -9.25, -13.105, -4.942, -4.486, -9.172, -11.122]",-15.45785097281138,3.2827669272128565e-05,0,wavlm,9,mean
call_624a4731ab56,0,-5.915013872660124,26,"[-0.727, -5.305, -3.015, -4.755, -3.474, -5.312, -7.498, -11.567, -3.018, -6.828, -10.171, -7.004, -10.729, -5.178, -3.939, -7.583, -8.301, -6.206, -2.604, -7.711, -1.356, -5.832, -10.705, -2.865, -5.325, -6.781]",-7.801389895952665,0.0026913593988652975,0,wavlm,9,mean
call_63a156c6b8d9,0,-8.473666376537746,9,"[-13.066, -8.151, -6.213, -5.25, -13.257, -2.985, -9.34, -8.384, -9.618]",-11.616232554117838,0.00020885397125765422,0,wavlm,9,mean
call_65a7cdefc22d,0,-13.55272001028061,16,"[-7.942, -18.115, -19.719, -16.134, -13.889, -16.064, -19.957, -14.664, -18.998, -14.663, -11.078, -11.013, -6.864, -9.744, -6.061, -11.94]",-18.79210501909256,1.300552594874857e-06,0,wavlm,9,mean
call_6756c4a91509,1,10.02660248014662,18,"[6.987, 10.142, 4.738, 7.064, 5.654, 8.577, 7.432, 13.254, 10.698, 13.06, 16.963, 6.982, 11.532, 16.126, 13.675, 8.904, 7.289, 11.404]",13.884343716833326,0.9999557938521653,1,wavlm,9,mean
call_68544c09a58b,1,5.267038106918335,6,"[7.508, 4.488, 4.846, 2.107, 2.716, 9.938]",7.430115858713786,0.9948676093439718,1,wavlm,9,mean
call_6afd8cabf618,1,8.433019902971056,9,"[7.669, 7.011, 10.06, 7.649, 9.585, 5.645, 13.594, 6.357, 8.328]",8.737413777245415,0.9997824838468384,1,wavlm,9,mean
call_6b0cc9c966a1,0,-10.002857598391445,11,"[-12.354, -15.998, -5.316, -10.74, -8.951, -9.265, -6.208, -11.665, -9.916, -10.724, -8.894]",-11.81452465057373,4.526833087016461e-05,0,wavlm,9,mean
call_6b31fbd81fc3,1,6.600389391183853,16,"[7.236, 7.463, 5.237, 9.12, 8.119, 3.916, 3.227, 3.908, 7.922, 7.546, 3.032, 8.653, 10.806, 7.868, 2.261, 9.291]",9.559899926185608,0.9986420082240512,1,wavlm,9,mean
call_6b6499e4474f,1,6.249701257795095,12,"[7.102, 4.79, 9.951, 13.651, 1.554, 5.852, 3.489, 0.166, 6.345, 8.975, 8.203, 4.916]",10.156712909539541,0.9980726907632439,1,wavlm,9,mean
call_6d88a2e95795,0,-9.409119923909506,18,"[-9.693, -6.841, -8.289, -6.541, -10.871, -8.744, -14.548, -6.105, -6.708, -10.883, -10.163, -12.459, -9.509, -6.322, -6.211, -11.319, -9.165, -14.992]",-13.8949875831604,8.196633911230773e-05,0,wavlm,9,mean
call_6dfa70c50ea5,1,6.61055713891983,16,"[8.868, 7.828, 5.406, 5.528, 2.237, 4.021, 10.166, 5.1, 3.728, 8.698, 6.781, 4.226, 4.34, 9.315, 11.061, 8.466]",10.774918228387833,0.9986557275151807,1,wavlm,9,mean
call_6e83cb807322,0,-8.517054229974747,16,"[-9.819, -13.972, -6.053, -4.45, -12.859, -8.468, -10.857, -4.779, -9.725, -7.761, -7.439, -9.776, -8.644, -4.261, -7.008, -10.402]",-11.303567439317703,0.00019998779110269073,0,wavlm,9,mean
call_70101b573bb2,1,9.106256461143493,20,"[12.449, 7.889, 11.709, 10.577, 5.92, 14.223, 9.811, 5.527, 10.094, 6.579, 10.096, 4.49, 9.374, 14.94, 9.169, 5.686, 7.792, 7.923, 9.013, 8.866]",11.109014415740967,0.9998890429561996,1,wavlm,9,mean
call_70de89818ee5,1,12.077168671981148,23,"[18.044, 4.176, 11.92, 9.473, 12.747, 17.674, 13.32, 6.791, 9.774, 5.751, 11.482, 12.99, 13.562, 7.077, 13.386, 14.409, 12.524, 15.134, 11.711, 13.095, 12.009, 13.681, 17.042]",13.79808226875637,0.9999943121279469,1,wavlm,9,mean
call_716d56beca2a,0,-9.459461271762848,16,"[-16.279, -2.859, -6.494, -4.895, -11.085, -7.382, -8.152, -17.538, -18.315, -12.562, -7.362, -10.225, -3.122, -9.354, -8.501, -7.227]",-12.276034206151962,7.794249729652166e-05,0,wavlm,9,mean
call_71fec5a6b017,1,7.999586963653565,10,"[6.328, 7.791, 11.414, 7.413, 9.886, 9.739, 9.89, 3.306, 9.443, 4.786]",9.236788606643676,0.9996645113756104,1,wavlm,9,mean
call_750153d8eb40,0,-7.010181175337897,18,"[-12.384, -9.841, -3.589, -7.807, -6.749, -8.035, -5.224, -11.902, -11.579, -4.267, -5.741, -8.928, -5.833, -4.485, -4.451, -7.818, -5.002, -2.549]",-9.075577550464207,0.000901831003282351,0,wavlm,9,mean
call_7519d635bbbb,1,13.248238000002774,11,"[15.212, 15.12, 18.077, 5.24, 9.382, 11.456, 14.181, 14.011, 13.7, 12.81, 16.543]",17.38090978969227,0.9999982365523332,1,wavlm,9,mean
call_7601ac7d4fbf,1,9.310279682278633,16,"[4.957, 5.076, 16.744, 11.622, 13.002, 6.984, 5.146, 13.507, 8.857, 8.641, 6.166, 3.01, 13.867, 11.297, 5.719, 14.369]",11.531176283955574,0.9999095189541592,1,wavlm,9,mean
call_76856257e3ef,1,9.755678683519363,8,"[5.633, 17.968, 10.913, 6.578, 12.52, 9.832, 11.591, 3.009]",13.541504204273224,0.9999420387947611,1,wavlm,9,mean
call_7744ab92baa3,0,-9.809114384651185,20,"[-12.877, -8.331, -8.96, -12.117, -12.141, -11.434, -9.552, -9.224, -7.595, -11.614, -7.597, -7.04, -14.645, -6.102, -10.385, -15.59, -9.018, -5.692, -8.381, -7.889]",-13.379869747161866,5.494546931116867e-05,0,wavlm,9,mean
call_794031bf2233,1,5.815708200136821,15,"[6.204, 4.482, 6.205, 9.211, 2.115, 0.297, 6.52, 2.256, 10.363, 5.633, 6.56, 6.332, 6.469, 5.773, 8.816]",8.910890913009643,0.9970284873216729,1,wavlm,9,mean
call_7a250598cb8b,1,11.587673804339241,17,"[9.796, 10.301, 18.175, 15.703, 6.413, 7.878, 11.716, 17.629, 15.304, 19.22, 5.004, 14.026, 12.407, 6.79, 12.096, 8.648, 5.884]",14.341906547546387,0.9999907203161911,1,wavlm,9,mean
call_7a345e2b0f37,1,10.084109830856324,10,"[9.589, 11.591, 10.142, 10.221, 4.889, 13.649, 13.467, 7.617, 11.281, 8.394]",12.655116081237793,0.9999582642118209,1,wavlm,9,mean
call_7ae75e4aa32f,1,6.38390470587689,23,"[5.324, 5.498, 7.151, 11.443, 6.704, 7.449, 4.281, 2.743, 2.663, 7.044, 9.283, 5.158, 8.549, 8.16, 3.62, 8.804, 4.874, 4.365, 9.05, 6.725, 8.932, 2.761, 6.248]",8.511462771374246,0.998314329377555,1,wavlm,9,mean
call_7b14e69a57bd,1,6.620625359671457,7,"[7.573, 5.512, 6.595, 8.04, 5.009, 8.577, 5.039]",7.952030113765171,0.9986691761199957,1,wavlm,9,mean
call_7d4f3b80384e,1,11.526868919531504,12,"[10.857, 13.54, 15.826, 3.699, 10.956, 9.022, 8.576, 14.384, 15.188, 16.145, 7.966, 12.164]",15.423431833585104,0.9999901385641974,1,wavlm,9,mean
call_7d5b26105bb5,1,9.301145935058594,10,"[6.443, 17.453, 9.606, 13.482, 6.789, 6.235, 8.993, 7.458, 9.11, 7.442]",12.535486221313477,0.9999086888132435,1,wavlm,9,mean
call_7f82debeb19b,0,-9.48859132419933,11,"[-11.773, -7.308, -5.611, -3.7, -5.107, -8.327, -14.591, -12.946, -9.171, -13.789, -12.05]",-12.865394592285156,7.570494833063698e-05,0,wavlm,9,mean
call_802282383eb2,1,4.275390284982595,11,"[7.6, 6.222, 5.245, 3.664, 1.644, 9.753, 5.441, -0.04, 2.122, 0.939, 4.44]",5.633238033814863,0.986284121398583,1,wavlm,9,mean
call_81b12145be34,1,10.583278802724985,13,"[10.524, 6.448, 19.785, 2.706, 7.277, 14.683, 8.274, 14.064, 13.094, 5.083, 16.053, 10.35, 9.241]",15.244552025428185,0.9999746645039234,1,wavlm,9,mean
call_81b98c77cf99,0,-6.509569032986959,15,"[-10.646, -9.339, -8.781, -9.13, -5.135, -6.976, -4.631, -5.525, -0.918, -8.102, -10.61, -5.123, -2.88, -5.375, -4.471]",-9.457071590423585,0.001486907161773529,0,wavlm,9,mean
call_850d796d23a7,1,9.823860372815814,14,"[11.521, 16.343, 7.878, 12.315, 8.944, 5.058, 8.496, 10.442, 12.708, 12.393, 11.699, 6.154, 4.683, 8.9]",13.194907631192889,0.9999458587678536,1,wavlm,9,mean
call_8570ae0e7d61,1,6.881517299196937,22,"[3.899, 0.832, 8.574, 5.027, 9.864, 11.206, 5.7, 5.161, 8.61, 4.801, 2.706, 8.473, 7.367, 9.394, 5.65, 10.133, 9.966, 1.914, 5.672, 10.438, 10.862, 5.148]",9.71256084875627,0.9989744675705036,1,wavlm,9,mean
call_8834a90f11cd,0,-9.092443227767944,10,"[-15.721, -8.282, -4.757, -5.805, -3.419, -8.704, -13.135, -12.478, -7.476, -11.147]",-12.48835301399231,0.00011250018022998242,0,wavlm,9,mean
call_8893de2fe204,1,11.428329411674948,17,"[8.408, 7.693, 14.721, 13.291, 6.131, 11.258, 13.127, 13.246, 15.519, 9.742, 12.763, 16.031, 13.974, 5.996, 11.746, 7.842, 12.794]",12.536490833058076,0.9999891173447151,1,wavlm,9,mean
call_88cd54e1e505,1,6.295189666748047,10,"[4.354, 6.282, 4.313, 7.276, 11.131, 4.452, 8.451, 6.295, 1.519, 8.878]",8.781786847114564,0.9981582390478646,1,wavlm,9,mean
call_88d7858b7921,1,12.030345499515533,16,"[10.286, 14.592, 12.656, 10.926, 14.187, 15.928, 10.933, 7.78, 10.23, 16.36, 11.64, 14.712, 13.98, 13.054, 4.266, 10.955]",13.564541101455688,0.9999940394718204,1,wavlm,9,mean
call_893d552b156a,0,-4.742799913244588,14,"[-3.202, -7.819, -3.952, -4.583, -5.297, -5.309, -4.243, -7.036, -7.117, -0.142, -3.243, -5.881, -5.362, -3.214]",-5.322084052222116,0.008638931467187893,0,wavlm,9,mean
call_8a3996f823e4,0,-9.128711318969726,15,"[-9.478, -6.125, -10.557, -10.249, -9.434, -8.919, -8.576, -12.025, -10.133, -11.603, -7.219, -8.506, -4.878, -6.843, -12.385]",-11.111591974894205,0.00010849355166517735,0,wavlm,9,mean
call_8a570a10920b,1,9.989280324233206,19,"[7.219, 7.869, 12.563, 12.526, 10.232, 16.35, 13.743, 7.698, 12.17, 12.876, 8.514, 13.287, 17.549, 4.525, 8.195, 7.151, 4.788, 4.748, 7.794]",12.849666545265599,0.999954112885603,1,wavlm,9,mean
call_8a61615c9927,0,-7.363392563427196,17,"[-13.427, -6.2, -4.587, -3.05, -8.336, -11.384, -4.597, -13.294, -5.41, -3.318, -2.749, -16.701, -8.205, -3.105, -8.895, -4.618, -7.301]",-12.358548669254079,0.0006336420161597174,0,wavlm,9,mean
call_8a9391c1823b,0,-11.301733696460724,20,"[-16.438, -14.089, -2.316, -10.774, -6.882, -5.785, -5.662, -5.245, -16.06, -7.5, -22.457, -21.102, -10.576, -11.213, -13.712, -10.013, -13.193, -10.947, -12.014, -10.056]",-15.053088665008545,1.2351339393246852e-05,0,wavlm,9,mean
call_8ade6f74aa33,1,4.142237051328023,15,"[2.722, 8.331, 3.802, 6.813, 4.22, -1.549, 4.368, 1.123, 4.751, 5.152, 2.164, 7.479, 7.326, 1.323, 4.109]",6.433659712473552,0.9843611869809537,1,wavlm,9,mean
call_8ae3fce602f3,1,4.349295987532689,13,"[7.844, 3.317, 5.564, 2.539, 4.162, 0.741, 6.271, 9.478, 5.007, 1.32, 4.528, 1.475, 4.295]",7.153702845940223,0.9872487910329683,1,wavlm,9,mean
call_8c2ebe3761bb,1,9.813543438911438,12,"[12.012, 19.4, 5.075, 5.144, 9.405, 10.327, 6.327, 9.096, 8.201, 7.194, 14.818, 10.762]",11.31967560450236,0.9999452973357462,1,wavlm,9,mean
call_8c6b33721067,1,7.9137963851292925,18,"[9.031, 9.902, 9.622, 1.699, 11.471, 11.792, 4.089, 7.639, 7.055, 9.745, 6.317, 10.878, 5.486, 8.153, 7.621, 10.177, 7.757, 4.015]",9.666476858986748,0.9996344699193032,1,wavlm,9,mean
call_8d3ea77f4bb4,1,6.294100674715909,11,"[4.125, 3.258, 4.631, 7.281, 1.709, 10.499, 8.183, 9.942, 6.213, 7.182, 6.212]",8.801714897155762,0.998156235992374,1,wavlm,9,mean
call_8d6cd93e02b8,0,-7.963502685228984,12,"[-12.308, -11.109, -4.32, -9.533, -1.689, -4.607, -12.202, -6.031, -12.349, -11.241, -3.83, -6.344]",-10.340750495592753,0.00034781126857080194,0,wavlm,9,mean
call_8e6c9fa78a21,1,16.243060372092508,11,"[19.675, 16.709, 19.605, 16.554, 12.402, 14.936, 20.71, 17.524, 19.394, 6.464, 14.699]",20.99193338914351,0.999999911747204,1,wavlm,9,mean
call_8ed994ce484f,1,10.533381010804858,14,"[7.989, 13.879, 6.677, 7.573, 9.188, 11.862, 14.293, 15.509, 8.146, 10.501, 11.885, 12.918, 15.806, 1.241]",14.059335844857353,0.9999733682819032,1,wavlm,9,mean
call_8ee1e10130a2,1,9.510855858142559,13,"[10.586, 11.306, 5.775, 14.881, 10.341, 5.631, 13.092, 11.788, 7.71, 9.618, 8.589, 8.077, 6.249]",13.73694397852971,0.9999259618383005,1,wavlm,9,mean
call_8f8e2145bc91,1,9.433957775433859,12,"[7.984, 4.904, 12.421, 4.967, 7.862, 9.691, 7.713, 12.047, 15.285, 7.66, 10.206, 12.468]",11.645822445551554,0.9999200442926178,1,wavlm,9,mean
call_9083846f078a,1,12.132956568400065,15,"[11.922, 14.533, 11.57, 9.515, 16.158, 15.245, 12.287, 10.054, 9.843, 10.533, 15.751, 15.086, 7.112, 9.048, 13.338]",15.10517339706421,0.9999946207518772,1,wavlm,9,mean
call_91a25cd95998,1,5.275946443279584,12,"[5.313, 7.187, 2.911, 8.491, 5.037, 6.061, 3.12, 6.96, 6.839, 6.731, 5.435, -0.773]",7.83844272295634,0.994912895805461,1,wavlm,9,mean
call_924e8a27e4de,0,-7.321908855438233,10,"[-8.969, -10.214, -6.409, -8.714, -5.546, -3.277, -8.95, -3.578, -7.92, -9.642]",-10.633248329162598,0.0006604629452831369,0,wavlm,9,mean
call_927c1f5f2007,1,6.887748503684998,15,"[4.648, 7.961, 4.702, 9.353, 5.188, 9.101, 3.859, 10.858, 7.88, 13.324, 9.251, 6.025, 5.393, 4.309, 1.464]",9.335250647862752,0.9989808315118844,1,wavlm,9,mean
call_9491f635b944,1,9.088684717814127,6,"[8.727, 8.986, 11.748, 13.648, 4.038, 7.385]",12.121610720952352,0.999887076238953,1,wavlm,9,mean
call_94a8c8502249,0,-9.11617334265458,19,"[-15.918, -12.523, -8.589, -5.675, -11.775, -6.765, -14.701, -7.37, -9.766, -7.768, -7.78, -10.251, -4.566, -8.804, -5.319, -7.358, -12.306, -6.464, -9.508]",-12.391866834540116,0.00010986225425207623,0,wavlm,9,mean
call_9741efdd34af,0,-9.40712740204551,11,"[-11.186, -7.574, -14.312, -7.698, -7.73, -12.011, -7.615, -3.38, -4.075, -19.559, -8.339]",-13.2621507211165,8.21298082254912e-05,0,wavlm,9,mean
call_97701e543c60,1,4.547481628025279,17,"[4.865, 5.737, 6.422, 1.489, 8.509, 1.178, 7.815, 8.52, 6.411, 1.764, 4.113, 4.763, 1.586, 3.608, 3.797, 3.758, 2.973]",7.653321027755737,0.9895172031056251,1,wavlm,9,mean
call_989dad5aa1af,0,-10.22193972269694,12,"[-14.076, -13.939, -10.629, -7.958, -9.075, -7.141, -9.344, -11.643, -11.74, -9.015, -6.802, -11.301]",-11.710514545440674,3.636237085568456e-05,0,wavlm,9,mean
call_9c2dbbd1fe2e,1,11.256645520528158,12,"[10.996, 8.456, 16.426, 5.209, 13.73, 13.067, 9.338, 12.295, 5.183, 12.393, 15.845, 12.142]",13.357491572697958,0.9999870790229781,1,wavlm,9,mean
call_9dc1a304389f,1,11.049023936776553,17,"[8.491, 10.361, 11.089, 11.94, 12.277, 15.033, 9.201, 9.211, 14.414, 12.799, 10.621, 9.371, 16.031, 5.751, 15.559, 11.334, 4.349]",14.47498198116527,0.9999840975892275,1,wavlm,9,mean
call_a0fbbe7bfec4,0,-11.927279233932495,14,"[-12.793, -6.246, -16.584, -10.368, -14.442, -12.652, -13.939, -14.558, -7.672, -10.415, -7.455, -15.365, -13.582, -10.912]",-16.01567574909755,6.607627848999736e-06,0,wavlm,9,mean
call_a2aa58c1750b,0,-8.971063467172476,13,"[-9.511, -4.333, -8.313, -7.363, -9.014, -5.385, -13.623, -7.088, -7.184, -12.271, -10.328, -12.123, -10.089]",-14.961877749516415,0.00012701688950375256,0,wavlm,9,mean
call_a381913d938c,1,9.78922963142395,10,"[6.35, 11.576, 14.21, 9.025, 11.88, 12.699, 7.918, 12.017, 7.001, 5.217]",12.499043273925782,0.9999439510802676,1,wavlm,9,mean
call_a426226cf8b9,1,11.81172009309133,12,"[12.361, 15.538, 14.273, 7.496, 19.588, 12.448, 13.729, 9.172, 9.208, 5.689, 7.572, 14.667]",15.376323699951172,0.9999925829378079,1,wavlm,9,mean
call_a4683528fef4,0,-10.999070476083194,17,"[-10.012, -4.981, -11.875, -10.772, -11.199, -11.448, -11.647, -9.138, -9.939, -9.228, -18.755, -18.563, -10.522, -7.515, -8.11, -13.294, -9.987]",-14.17499303817749,1.671695317687998e-05,0,wavlm,9,mean
call_a49598543013,1,7.766723918914795,20,"[8.728, 12.033, 10.764, 13.349, 5.799, 10.164, 7.953, 4.423, 5.952, 8.316, 8.134, 7.296, 5.309, 11.347, 4.376, 2.816, 9.49, 7.751, 5.637, 5.698]",9.486200058460236,0.9995765806199874,1,wavlm,9,mean
call_a6481017c744,1,7.2036097266457295,11,"[9.552, 5.397, 2.58, 5.553, 10.821, 5.368, 8.091, 7.404, 8.553, 7.676, 8.244]",9.605623418634588,0.9992566572735576,1,wavlm,9,mean
call_a71916766a4f,1,8.802104870478312,9,"[12.193, 13.994, 12.283, 5.725, 10.325, 5.938, 7.567, 7.998, 3.197]",11.327080991533068,0.9998496064864397,1,wavlm,9,mean
call_a766613f8c8a,0,-10.750468015670776,10,"[-11.105, -10.186, -17.234, -8.319, -10.217, -8.298, -12.61, -11.765, -7.969, -9.801]",-13.313807582855224,2.143491441234681e-05,0,wavlm,9,mean
call_a7df1d46e72b,1,8.065552184456273,19,"[5.01, 8.099, 4.532, 4.728, 8.524, 9.027, 8.501, 6.096, 10.816, 9.247, 10.239, 10.828, 13.287, 4.037, 4.743, 6.968, 16.148, 3.823, 8.594]",11.088295422102275,0.9996859210946482,1,wavlm,9,mean
call_a7ea289a43fd,1,11.31768481871661,17,"[9.425, 8.483, 9.595, 14.674, 6.654, 4.324, 11.232, 10.585, 14.206, 12.816, 9.952, 10.266, 10.577, 18.019, 16.968, 11.432, 13.194]",12.751993936650893,0.9999878441129502,1,wavlm,9,mean
call_a8ca5b456ce4,1,16.799687332577175,18,"[14.356, 19.325, 18.804, 17.908, 16.61, 13.387, 16.277, 20.082, 18.482, 21.86, 18.663, 17.462, 20.35, 11.946, 10.051, 17.668, 15.94, 13.224]",19.237495846218533,0.9999999494188764,1,wavlm,9,mean
call_a9d29125d786,1,8.553404861688614,5,"[13.301, 13.62, 9.941, 5.524, 0.381]",12.45640058517456,0.9998071499724233,1,wavlm,9,mean
call_ac80248cae29,1,8.62791531426566,14,"[6.795, 6.04, 8.956, 6.855, 1.762, 10.644, 12.818, 11.177, 10.08, 9.38, 7.816, 12.676, 5.017, 10.777]",10.474597896848406,0.9998209945553834,1,wavlm,9,mean
call_acda78859d0d,0,-9.072141257199375,11,"[-7.403, -7.184, -12.839, -12.679, -10.948, -11.24, -7.829, -10.227, -5.313, -8.08, -6.051]",-13.056000276045365,0.00011480723297863034,0,wavlm,9,mean
call_ad8e23b11d98,1,9.994596779346466,8,"[11.036, 11.13, 14.243, 9.544, 5.62, 14.387, 6.392, 7.604]",12.04417884349823,0.9999543561839365,1,wavlm,9,mean
call_adf30039caa2,1,13.281595366341728,7,"[15.104, 17.286, 18.583, 6.799, 7.409, 16.558, 11.232]",16.2970393044608,0.9999982944059167,1,wavlm,9,mean
call_aed9b45d6c31,1,10.618398501322819,13,"[10.883, 9.0, 13.228, 11.386, 1.575, 14.595, 11.281, 13.222, 13.113, 10.114, 13.607, 8.523, 7.514]",15.161392340293297,0.99997553881452,1,wavlm,9,mean
call_b0836ff3142a,1,8.007392553182749,13,"[9.141, 14.678, 6.778, 9.464, 7.753, 4.225, 5.966, 8.842, 5.364, 10.16, 11.06, 3.113, 7.551]",10.45474309187669,0.9996671190001302,1,wavlm,9,mean
call_b167dd907a80,1,6.6640466792242865,21,"[3.869, 6.217, 3.034, 3.699, 8.463, 5.882, 7.898, 9.978, 4.924, 11.716, 5.145, 4.189, 7.349, 10.335, 0.547, 5.421, 3.979, 9.705, 5.13, 13.53, 8.934]",8.072449377604894,0.9987256535733149,1,wavlm,9,mean
call_b2594d9c3ffd,1,16.758037196265327,18,"[15.866, 14.97, 16.897, 18.384, 20.505, 17.745, 17.26, 17.169, 19.353, 11.421, 20.73, 21.25, 16.083, 18.933, 14.361, 10.296, 16.099, 14.323]",19.701286527845596,0.999999947267678,1,wavlm,9,mean
call_b382ffa5187d,0,-5.187785519493951,9,"[-12.701, -5.548, -1.996, -4.59, -2.619, -3.385, -5.756, -5.468, -4.628]",-7.509564982520209,0.005553347697372146,0,wavlm,9,mean
call_b3f14bd5c2b6,1,10.62624204158783,12,"[7.27, 14.792, 7.929, 8.397, 9.384, 8.921, 14.214, 8.62, 12.467, 11.853, 14.071, 9.597]",11.976571202278137,0.9999757299216985,1,wavlm,9,mean
call_b41c86402714,0,-11.53975207010905,30,"[-15.355, -8.577, -14.027, -16.196, -13.429, -9.193, -3.768, -10.673, -3.547, -14.574, -6.42, -13.438, -16.461, -6.873, -2.364, -10.423, -12.88, -3.734, -15.052, -22.839, -7.807, -12.729, -13.34, -17.979, -17.433, -14.444, -13.453, -10.748, -8.665, -9.771]",-14.62009113629659,9.735205544799999e-06,0,wavlm,9,mean
call_b5840ec7dd5e,1,9.996821152536493,19,"[10.55, 8.007, 13.412, 10.446, 8.963, 11.168, 4.065, 11.169, 13.915, 8.148, 11.139, 11.796, 14.095, 9.779, 8.661, 8.914, 5.567, 14.405, 5.74]",12.785851779736971,0.9999544575953629,1,wavlm,9,mean
call_b5c4803ea37c,0,-8.069633642832438,6,"[-4.901, -10.199, -8.168, -7.518, -5.656, -11.976]",-9.97669760386149,0.0003128000179893041,0,wavlm,9,mean
call_b72eccd91b8c,1,8.83945115407308,15,"[6.779, 5.635, 7.232, 4.939, 11.863, 12.974, 10.104, 12.859, 13.288, 13.429, 3.749, 5.994, 10.052, 12.038, 1.655]",13.22371702194214,0.9998551187397472,1,wavlm,9,mean
call_b78e6c8e05d3,0,-9.6229323907332,11,"[-10.646, -10.592, -11.877, -9.621, -5.655, -7.975, -14.353, -10.657, -7.298, -5.356, -11.822]",-12.66211240941828,6.618884711676052e-05,0,wavlm,9,mean
call_b7c3a7552903,1,11.418723917007446,10,"[14.448, 12.637, 9.065, 7.244, 3.312, 16.459, 10.664, 12.446, 11.85, 16.062]",12.647916126251221,0.9999890123089236,1,wavlm,9,mean
call_b956718b62ae,1,4.098083363638984,9,"[1.474, 2.442, 5.613, 2.501, 5.108, 7.088, 2.618, 5.397, 4.642]",6.343039009306166,0.9836667355407415,1,wavlm,9,mean
call_b96e9305d9a2,0,-10.883214394251505,12,"[-17.887, -7.883, -15.563, -11.808, -10.883, -4.309, -7.199, -8.566, -7.298, -10.194, -17.875, -11.135]",-14.969055016835531,1.8770329277657412e-05,0,wavlm,9,mean
call_bac44092a11a,0,-9.911968197141375,14,"[-6.316, -7.917, -4.554, -9.787, -15.931, -9.758, -13.9, -14.116, -12.935, -3.193, -9.099, -12.715, -4.396, -14.149]",-14.055034841809954,4.9575302898486355e-05,0,wavlm,9,mean
call_bba20372ca37,1,11.099260466439384,14,"[10.984, 8.797, 9.727, 8.343, 14.687, 15.046, 11.636, 11.093, 13.183, 11.353, 9.03, 11.889, 11.111, 8.512]",12.715273175920759,0.9999848767246929,1,wavlm,9,mean
call_bc24a38d8bf2,1,5.378569708930121,9,"[3.637, 10.575, 4.549, 10.899, 6.597, 1.999, 2.607, 2.786, 4.758]",7.522561576631334,0.995406777871082,1,wavlm,9,mean
call_bc7120020303,0,-4.602737474441528,20,"[-3.742, -11.152, -5.115, -5.008, -4.502, -2.593, -3.412, -4.169, -1.82, -5.046, -6.068, -2.09, -3.617, -7.949, -5.822, -2.802, -2.84, -3.053, -6.699, -4.557]",-6.931441807746888,0.009924866329320856,0,wavlm,9,mean
call_bd2262567810,0,-5.727173291719877,26,"[-3.754, -3.687, -4.636, -4.568, -8.67, -4.535, -5.258, -4.928, -11.41, -5.49, -4.07, -7.122, -9.066, -2.918, -5.531, -7.429, -2.59, -5.635, -7.134, -2.484, -1.76, -3.77, -9.417, -10.272, -4.769, -8.004]",-8.82315338574923,0.0032456998873300223,0,wavlm,9,mean
call_bda847d77eef,0,-10.137687866504375,13,"[-14.396, -4.045, -5.655, -12.419, -12.346, -10.177, -4.671, -13.981, -16.943, -8.651, -7.243, -11.155, -10.108]",-13.766917081979605,3.9558600602502854e-05,0,wavlm,9,mean
call_bdfa814252df,1,9.410877307256063,12,"[5.283, 3.446, 10.7, 6.497, 4.772, 13.944, 14.454, 14.098, 12.416, 11.716, 4.65, 10.954]",11.914610703786215,0.9999181775688931,1,wavlm,9,mean
call_bf4ed1a05c84,0,-7.175055433722103,17,"[-13.907, -4.009, -3.212, -3.746, -1.351, -4.555, -16.087, -2.488, -6.821, -7.562, -5.501, -14.989, -8.281, -6.008, -9.038, -3.032, -11.389]",-11.053382859510535,0.000764857830260526,0,wavlm,9,mean
call_c1cbe639d50f,1,10.002441048622131,8,"[4.413, 13.874, 14.004, 12.648, 12.453, 9.25, 8.858, 4.52]",14.568418562412262,0.9999547128095432,1,wavlm,9,mean
call_c1d95df7a179,1,11.25891045161656,7,"[10.592, 12.54, 11.203, 13.621, 10.284, 5.286, 15.285]",12.632371698107038,0.9999871082546072,1,wavlm,9,mean
call_c337629bcbbb,0,-12.65997174206902,17,"[-13.337, -9.972, -14.066, -16.833, -16.749, -15.23, -10.703, -15.751, -9.395, -5.981, -14.695, -18.228, -5.768, -10.724, -11.601, -13.674, -12.512]",-19.269173481885126,3.1757240073699534e-06,0,wavlm,9,mean
call_c3417b995627,1,10.39390160820701,11,"[14.526, 8.817, 12.991, 6.827, 14.603, 13.42, 6.355, 7.688, 12.071, 9.09, 7.945]",13.974031795154918,0.9999693822982094,1,wavlm,9,mean
call_c3a3ab5fa472,1,7.022844132922945,21,"[5.916, 6.567, 9.774, 6.407, 7.589, 12.049, 4.117, 9.732, 5.859, 8.087, 3.148, 8.541, 8.647, 4.457, 7.334, 14.005, 1.363, 10.481, 5.572, 4.769, 3.067]",8.969074226561046,0.9991095067389881,1,wavlm,9,mean
call_c3e9e24958f7,1,8.090345703638517,26,"[8.309, 14.801, 10.527, 6.823, 10.767, 6.308, 6.921, 4.462, 3.425, 9.311, 3.234, 7.755, 6.006, 4.147, 6.669, 10.881, 11.132, 2.744, 7.138, 10.692, 11.764, 9.288, 7.596, 9.123, 5.444, 15.082]",9.957935149853046,0.9996936101172743,1,wavlm,9,mean
call_c509bc8280ae,0,-9.74879139661789,8,"[-10.89, -10.275, -10.765, -8.944, -10.546, -13.652, -3.684, -9.234]",-13.272258698940277,5.8361755158661066e-05,0,wavlm,9,mean
call_c5b04c36bb62,1,9.218697281444774,17,"[8.376, 12.447, 14.812, 15.08, 4.862, 9.225, 5.578, 12.179, 8.147, 11.537, 9.221, 2.477, 6.131, 6.705, 8.389, 9.386, 12.167]",12.182633932899027,0.9999008420420327,1,wavlm,9,mean
call_c647ee088162,0,-10.509241998195648,8,"[-17.08, -13.545, -3.446, -12.453, -8.563, -7.944, -10.535, -10.507]",-12.860806226730347,2.7282385577592347e-05,0,wavlm,9,mean
call_c67ce09b3316,1,5.25048211642674,7,"[6.759, 6.006, 2.995, 2.198, 1.919, 7.527, 9.348]",6.709524631500244,0.9947823772801427,1,wavlm,9,mean
call_c6daaae3eb0f,0,-11.983533477783203,10,"[-18.456, -13.26, -9.503, -12.951, -15.499, -5.719, -7.94, -16.648, -8.209, -11.65]",-16.768367576599122,6.246184728905888e-06,0,wavlm,9,mean
call_c6e878157063,0,-9.481886947155,20,"[-13.051, -9.813, -7.902, -11.553, -14.76, -11.319, -10.863, -4.567, -12.95, -13.459, -8.24, -8.39, -11.805, -5.026, -11.451, -13.225, -5.276, -2.247, -8.288, -5.454]",-13.138812065124512,7.621416926268595e-05,0,wavlm,9,mean
call_c87e905eb0d7,1,15.409860060765194,13,"[14.265, 14.005, 13.504, 15.641, 7.742, 17.763, 18.491, 15.895, 17.05, 15.644, 15.481, 14.435, 20.411]",19.843673485975998,0.9999997969594784,1,wavlm,9,mean
call_ca5206a4f854,1,10.874647779124123,14,"[8.899, 12.998, 8.162, 8.899, 7.019, 12.408, 9.58, 13.322, -0.269, 13.484, 15.335, 12.816, 17.218, 12.376]",14.25204621042524,0.9999810681848738,1,wavlm,9,mean
call_cbad95f3aabc,1,10.714256644248962,8,"[8.815, 10.15, 13.033, 16.124, 6.687, 9.783, 9.508, 11.612]",13.23434567451477,0.9999777746909202,1,wavlm,9,mean
call_cbb902adb22a,0,-8.950659018975717,27,"[-11.014, -6.114, -8.391, -14.99, -2.271, -8.487, -12.009, -7.642, -16.918, -4.986, -10.233, -6.457, -4.647, -10.913, -5.633, -5.404, -3.86, -12.451, -9.175, -7.419, -12.091, -8.051, -10.384, -9.249, -14.749, -14.212, -3.917]",-12.489422427283394,0.00012963488158070923,0,wavlm,9,mean
call_ce3072c8e106,1,8.744874303991145,11,"[10.046, 6.129, 8.353, 6.608, 9.267, 8.511, 8.592, 9.488, 7.603, 10.167, 11.429]",10.603101123463023,0.9998407497298212,1,wavlm,9,mean
call_ce6146a1c53e,1,8.205243170261383,16,"[2.901, 9.686, 12.964, 9.431, 10.025, 16.246, 0.957, 12.477, 11.774, 7.415, 2.923, 10.749, 9.383, 7.408, 5.428, 1.518]",10.020607009530067,0.999726857344114,1,wavlm,9,mean
call_cea74e96e420,1,13.940284875723032,13,"[14.197, 19.271, 9.721, 16.934, 13.751, 18.925, 12.923, 13.664, 8.949, 7.578, 15.162, 16.915, 13.235]",16.797623487619255,0.9999991173046903,1,wavlm,9,mean
call_d0442c9e97b7,1,7.062142773108049,22,"[6.181, 5.435, 11.279, 4.163, 4.314, 6.255, 8.809, 11.9, 7.997, 6.58, 15.445, 5.233, 5.965, 5.395, 5.353, 4.566, 8.833, 7.147, 10.005, 2.707, 3.69, 8.118]",9.459604219956832,0.9991437938197452,1,wavlm,9,mean
call_d13864e1e455,1,6.333059296011925,16,"[6.084, 13.388, 5.02, 9.609, 10.231, 10.316, 5.025, 12.12, 0.884, -0.937, 4.808, 8.41, 3.44, 3.659, 2.26, 7.013]",8.769267201423645,0.9982265603446562,1,wavlm,9,mean
call_d13e6463c6fb,0,-10.249802112579346,11,"[-12.111, -12.151, -13.132, -3.204, -9.677, -7.557, -13.769, -7.942, -6.137, -14.221, -12.847]",-13.935865358872848,3.536324774387313e-05,0,wavlm,9,mean
call_d147a02786d2,1,8.305580909435566,13,"[6.358, 10.092, 7.771, 5.468, 13.384, 11.106, 7.905, 12.527, 3.308, 7.932, 4.526, 6.876, 10.72]",9.33352283331064,0.9997529273197617,1,wavlm,9,mean
call_d17b2416d506,1,14.4307110526345,11,"[12.522, 17.202, 8.334, 18.039, 11.875, 16.749, 16.466, 15.086, 16.956, 9.258, 16.25]",18.043722412802957,0.9999994594677817,1,wavlm,9,mean
call_d38f7d5159e7,0,-10.703649520874023,9,"[-11.411, -9.152, -9.339, -14.076, -8.806, -9.408, -9.61, -14.102, -10.43]",-12.380497296651205,2.246230508077709e-05,0,wavlm,9,mean
call_d3e854cbb77d,0,-8.124706745147705,13,"[-15.191, -9.609, -4.16, -9.303, -12.748, -4.059, -3.095, -4.882, -9.081, -10.244, -9.67, -3.604, -9.976]",-10.463759312262901,0.0002960438914021787,0,wavlm,9,mean
call_d437831f4543,1,14.333260536193848,12,"[15.839, 16.529, 19.032, 15.1, 11.322, 10.581, 17.854, 10.149, 12.212, 20.272, 13.652, 9.457]",19.37531344095866,0.9999994041406168,1,wavlm,9,mean
call_d557fa43925b,0,-13.543496828812819,13,"[-13.237, -18.347, -19.381, -16.158, -20.211, -20.792, -9.923, -8.551, -8.485, -10.812, -6.664, -12.703, -10.801]",-18.672971945542557,1.3126032992108703e-06,0,wavlm,9,mean
call_d5d00276dd35,0,-11.813179211183028,22,"[-13.767, -16.457, -17.535, -11.165, -9.59, -7.937, -10.437, -10.403, -9.759, -16.344, -12.316, -7.035, -13.874, -14.356, -13.894, -11.552, -9.502, -12.823, -11.169, -4.426, -11.987, -13.565]",-15.394286264072765,7.406247794201488e-06,0,wavlm,9,mean
call_d72a7cb67eb0,0,-7.397661924362183,17,"[-11.475, -6.945, -11.426, -10.021, -8.498, -11.574, -4.206, -6.37, -5.076, -3.515, -6.331, -9.06, -3.213, -6.117, -10.868, -4.159, -6.906]",-10.398349958307604,0.0006123084370278676,0,wavlm,9,mean
call_d80d9f6f7884,0,-8.24937903881073,10,"[-8.025, -9.212, -7.203, -9.924, -7.342, -6.953, -12.691, -1.918, -12.873, -6.352]",-8.855401229858398,0.0002613525161121886,0,wavlm,9,mean
call_d88d8e15e430,1,6.494201470823849,17,"[5.7, 13.171, 7.024, 6.62, 8.292, 10.123, 2.064, 7.129, 1.026, 11.378, 0.855, 10.325, 2.449, 9.204, 8.89, 3.31, 2.841]",9.029263973236084,0.9984901009895378,1,wavlm,9,mean
call_d89caa393417,1,7.168150254658291,14,"[5.017, 16.572, 5.697, 2.689, 7.746, 3.085, 12.738, 8.601, 7.597, 10.358, 13.201, 1.507, 3.733, 1.811]",9.241154602595739,0.9992298464942623,1,wavlm,9,mean
call_d9b9c625f406,1,6.596388498942058,12,"[6.096, 9.938, 6.462, 8.68, 9.891, 7.321, 9.385, 4.575, 6.555, 2.552, 4.215, 3.487]",8.151312907536825,0.9986365715845884,1,wavlm,9,mean
call_db5326bcb672,0,-7.933695960044861,20,"[-8.289, -7.726, -3.615, -6.723, -9.526, -8.486, -9.374, -4.95, -10.529, -6.83, -6.369, -8.041, -3.959, -8.397, -8.581, -5.857, -4.275, -13.966, -15.208, -7.973]",-10.73910026550293,0.0003583306641705253,0,wavlm,9,mean
call_dcdbcc7d70e4,1,11.044739237198463,13,"[13.556, 12.512, 7.561, 7.485, 1.686, 3.264, 12.892, 15.003, 15.737, 11.518, 17.198, 15.249, 9.921]",14.274607951824482,0.999984029307083,1,wavlm,9,mean
call_ddeabfdb99d4,0,-7.79403449359693,19,"[-5.288, -3.212, -8.156, -14.228, -5.925, -3.911, -5.357, -4.267, -13.757, -10.282, -5.698, -8.385, -7.638, -13.92, -7.954, -3.177, -6.079, -8.931, -11.922]",-11.154079663126092,0.00041201673305340055,0,wavlm,9,mean
call_ddf2da1910f1,0,-12.43115005493164,15,"[-9.837, -12.621, -11.156, -10.538, -12.614, -15.798, -9.96, -11.152, -17.82, -10.561, -19.373, -15.717, -7.958, -7.71, -13.652]",-15.997664260864259,3.99225610427357e-06,0,wavlm,9,mean
call_df3e278ab7fe,1,11.318522106517445,11,"[10.397, 12.311, 15.716, 7.063, 6.938, 15.197, 11.618, 12.789, 10.472, 9.789, 12.215]",14.2460298538208,0.9999878542865427,1,wavlm,9,mean
call_df75973c8794,1,10.085911770661673,24,"[11.279, 13.376, 1.957, 17.563, 11.379, 9.927, 14.532, 11.741, 13.462, 5.648, 13.512, 13.579, 13.194, 12.925, 4.539, 11.157, 6.618, 6.207, 13.426, 12.194, 8.922, 4.614, 5.897, 4.414]",13.672219355901083,0.9999583393463517,1,wavlm,9,mean
call_e0a8703be347,1,9.48494521776835,18,"[12.052, 6.872, 8.912, 13.912, 9.161, 13.241, 4.988, 9.579, 5.605, 11.154, 9.311, 3.517, 11.506, 10.1, 8.5, 7.468, 11.7, 13.15]",10.742359201113382,0.9999240185405553,1,wavlm,9,mean
call_e0c1f661d9ca,0,-11.017725103041705,17,"[-13.368, -9.918, -11.653, -8.947, -10.015, -16.393, -10.543, -16.144, -11.929, -7.281, -5.096, -6.548, -14.722, -13.985, -10.743, -9.065, -10.951]",-13.95619426054113,1.640800042689432e-05,0,wavlm,9,mean
call_e106a61086bb,1,9.24420613508958,13,"[7.476, 14.08, 7.765, 12.478, 14.075, 6.614, 10.261, 13.291, 5.682, 6.801, 3.753, 9.076, 8.823]",10.792871952056885,0.9999033392179203,1,wavlm,9,mean
call_e118b75d4937,0,-12.176860832032704,21,"[-9.312, -10.454, -12.134, -12.024, -13.46, -9.674, -6.382, -12.153, -12.032, -10.567, -6.141, -10.953, -8.82, -13.719, -4.334, -15.067, -7.651, -21.545, -13.108, -21.421, -24.761]",-15.749329748607817,5.148186814001303e-06,0,wavlm,9,mean
call_e2200941723b,1,9.748793631792068,16,"[8.347, 3.696, 3.926, 13.482, 12.52, 12.103, 12.924, 11.208, 8.763, 14.343, 15.588, 3.634, 8.544, 4.689, 13.067, 9.146]",11.940470695495605,0.9999416383752823,1,wavlm,9,mean
call_e3064936e37a,1,11.84099006652832,15,"[13.662, 15.228, 12.83, 9.155, 14.803, 7.019, 9.829, 11.873, 9.001, 4.382, 17.717, 8.291, 11.119, 13.588, 19.117]",14.785940329233805,0.9999927968870388,1,wavlm,9,mean
call_e3084824935d,1,5.200454858633188,13,"[6.73, 2.823, 2.493, 3.767, 3.919, 4.85, 10.403, 11.392, 2.486, 6.662, 1.404, 6.246, 4.433]",7.766420401059664,0.9945161823418042,1,wavlm,9,mean
call_e31bf946a8fa,0,-8.219224269573505,13,"[-3.32, -10.737, -10.337, -5.905, -13.921, -10.725, -8.585, -9.66, -4.668, -8.303, -6.024, -10.761, -3.904]",-11.349652216984676,0.00026935141451358326,0,wavlm,9,mean
call_e4d9c2e0947a,0,-8.262475140889485,15,"[-12.458, -8.259, -2.663, -15.598, -10.841, -5.117, -4.209, -6.197, -6.683, -13.542, -7.822, -9.278, -5.273, -9.42, -6.576]",-11.663999621073405,0.0002579530085141934,0,wavlm,9,mean
call_e618b7b1fa5b,0,-5.66073237657547,10,"[-8.097, -3.45, -6.262, -2.989, -2.256, -2.542, -12.007, -6.906, -10.181, -1.918]",-7.784595203399658,0.003467899142473598,0,wavlm,9,mean
call_e697765a4dfd,1,13.202668536793102,11,"[10.172, 12.528, 12.705, 11.958, 11.3, 17.476, 13.92, 16.136, 15.392, 14.619, 9.022]",17.241080457513984,0.999998154334023,1,wavlm,9,mean
call_e69e8ba551e4,0,-6.757605808121817,14,"[-3.54, -3.634, -4.873, -2.8, -13.782, -6.931, -7.134, -3.059, -8.229, -3.766, -3.908, -9.62, -15.42, -7.911]",-9.100068977900914,0.0011606592208688105,0,wavlm,9,mean
call_e6c59d28e6d7,1,6.945264279842377,8,"[6.912, 7.06, 5.202, 8.462, 5.653, 3.48, 9.053, 9.742]",8.886167526245117,0.9990377410858906,1,wavlm,9,mean
call_eb1c9a5a2c08,0,-10.799411364964076,14,"[-17.313, -10.055, -7.58, -12.844, -8.861, -19.662, -15.738, -13.496, -16.192, -10.534, -3.72, -3.439, -4.626, -7.132]",-12.866641998291016,2.0411098186980107e-05,0,wavlm,9,mean
call_ec545493459e,1,11.139849295982948,13,"[11.316, 9.874, 14.114, 15.216, 4.545, 16.854, 5.802, 9.559, 16.429, 8.005, 10.735, 8.09, 14.28]",15.185911582066463,0.9999854782614055,1,wavlm,9,mean
call_ec58505fc522,0,-9.479525309342604,13,"[-16.493, -7.532, -3.29, -8.898, -16.662, -8.031, -5.538, -13.603, -7.028, -5.878, -12.662, -7.829, -9.788]",-13.377877125373253,7.639435846348334e-05,0,wavlm,9,mean
call_ed020e30c242,1,6.386044820149739,9,"[8.576, 5.79, 8.197, 6.341, 4.194, 5.859, 5.913, 4.25, 8.355]",8.750650035010445,0.9983179269861684,1,wavlm,9,mean
call_ed041799aed9,0,-8.879465215346393,17,"[-9.559, -7.34, -8.289, -11.112, -11.136, -8.97, -6.883, -5.471, -4.348, -13.691, -5.523, -12.186, -17.192, -10.673, -6.041, -5.11, -7.428]",-12.180298973532285,0.00013919921850693803,0,wavlm,9,mean
call_ed99e3ea3f0e,1,9.233806003223766,11,"[6.973, 7.048, 10.089, 10.125, 11.555, 6.532, 12.784, 7.605, 13.44, 8.611, 6.81]",11.173939228057861,0.9999023287860229,1,wavlm,9,mean
call_ee227bc9d7ac,0,-10.54190833227975,14,"[-14.903, -10.384, -11.475, -8.549, -10.159, -4.143, -12.396, -13.224, -10.955, -5.101, -10.652, -12.139, -11.237, -12.272]",-14.657183647155762,2.6405592365446532e-05,0,wavlm,9,mean
call_f003741555a1,0,-5.945302331447602,10,"[-13.946, -4.01, -3.809, -1.145, -2.619, -7.567, -5.719, -4.442, -10.118, -6.079]",-8.809510612487793,0.0026112740868972487,0,wavlm,9,mean
call_f0ad1cf1aa6a,1,7.916299425065517,16,"[7.514, 11.133, 5.438, 12.467, 3.341, 9.223, 8.19, 13.01, 0.761, 8.402, 6.479, 3.207, 9.838, 3.816, 11.196, 12.643]",9.833986729383469,0.9996353833784026,1,wavlm,9,mean
call_f1372119b403,1,5.614039107010915,26,"[8.875, 4.538, 9.665, 5.252, 5.455, 4.427, 4.836, 4.123, 8.698, 8.404, 3.056, 3.917, 7.339, 4.487, 8.584, 9.06, 3.588, 0.755, 4.93, 3.277, 5.986, 5.434, 4.129, 8.787, 3.222, 5.141]",7.74235031237969,0.9963669355548034,1,wavlm,9,mean
call_f202d4ff9f96,0,-8.781799952189127,24,"[-17.083, -15.458, -13.999, -11.621, -8.125, -16.765, -6.737, -4.835, -4.273, -1.31, -1.773, -5.447, -3.19, -10.888, -10.286, -6.944, -6.943, -16.006, -18.457, -5.197, -5.901, -9.674, -4.227, -5.624]",-12.311519940694174,0.00015347798184882,0,wavlm,9,mean
call_f23bfe7d0e9e,1,9.98428451313692,17,"[6.326, 9.024, 13.857, 4.739, 3.669, 11.625, 2.799, 5.604, 17.539, 5.433, 11.458, 17.306, 13.66, 3.902, 12.857, 14.505, 15.43]",13.295381293577307,0.9999538830792631,1,wavlm,9,mean
call_f27db4ab1f5a,1,2.5304300586382547,9,"[2.615, 1.151, 8.276, -0.923, 2.012, 2.655, 4.105, 2.296, 0.586]",5.201095819473267,0.926247737321805,1,wavlm,9,mean
call_f2ab1c408b36,1,12.339691710472106,10,"[15.153, 13.844, 17.205, 17.476, 14.739, 11.557, 12.91, 3.409, 13.451, 3.653]",14.667131328582764,0.9999956254026867,1,wavlm,9,mean
call_f331303c4fb8,0,-10.668517780303954,10,"[-21.671, -11.182, -8.369, -9.804, -10.111, -9.173, -11.401, -10.663, -9.426, -4.885]",-13.433829879760742,2.3265451965195208e-05,0,wavlm,9,mean
call_f5251fb3b1d9,1,10.871068298816681,8,"[8.144, 6.937, 13.361, 9.763, 16.224, 5.424, 15.724, 11.393]",14.017498254776001,0.9999810002986758,1,wavlm,9,mean
call_f68d3459fdc7,1,5.6879305997315575,17,"[9.162, 1.569, 9.617, 3.903, -0.334, 2.307, 5.435, 7.576, 11.017, 4.864, 6.423, 1.951, 1.52, 2.729, 9.44, 9.964, 9.554]",8.235902688082527,0.9966248363673265,1,wavlm,9,mean
call_fa4d7f2897f4,0,-11.61987599082615,23,"[-8.81, -12.842, -13.762, -8.476, -16.728, -9.282, -9.746, -10.262, -13.538, -8.339, -11.305, -11.089, -4.475, -14.379, -21.014, -19.237, -11.489, -10.991, -5.243, -18.946, -12.628, -6.224, -8.452]",-16.760191793027133,8.985620536683888e-06,0,wavlm,9,mean
call_fce92bad5095,0,-10.269467698203194,18,"[-15.352, -14.169, -10.3, -10.388, -8.122, -10.262, -9.077, -10.694, -11.8, -5.916, -6.083, -11.096, -6.851, -12.774, -10.246, -11.137, -10.393, -10.192]",-12.571013927459717,3.467462614770726e-05,0,wavlm,9,mean
call_fdc3a7dac09f,1,10.537975311279297,9,"[9.266, 5.91, 10.679, 14.89, 10.235, 15.037, 10.069, 5.608, 13.148]",11.424831178453234,0.9999734903521462,1,wavlm,9,mean
call_fdc44f969ade,1,7.821962304737257,23,"[8.178, 4.875, 3.831, 11.828, 8.876, 5.665, 6.754, 2.887, 10.887, 4.033, 9.576, 11.156, 6.559, 12.54, 10.647, 8.844, 6.134, 7.411, 9.86, 13.298, 5.336, 5.716, 5.015]",10.690607972767042,0.9995993262523845,1,wavlm,9,mean
call_fe828697f60d,1,9.276481211185455,16,"[10.496, 3.595, 12.941, 6.011, 13.021, 11.655, 4.499, 8.766, 11.229, 8.408, 12.033, 7.809, 13.901, 9.447, 8.065, 6.548]",9.781148180365562,0.9999064088571573,1,wavlm,9,mean
call_fe8e4fc3ef69,1,6.546183121831794,19,"[8.107, 5.205, 7.914, 8.989, 12.175, 1.806, 6.066, 8.666, 9.835, 2.241, 3.846, 4.17, 1.82, 6.688, 8.448, 5.74, 4.895, 8.874, 8.893]",9.48135064777575,0.9985664733428599,1,wavlm,9,mean
call_feaca5a8cd14,1,9.779221327074113,31,"[7.289, 8.613, 7.438, 3.405, 11.105, 9.624, 11.484, 7.158, 17.458, 10.519, 6.523, 11.247, 6.818, 15.031, 13.58, 11.176, 10.318, 10.014, 13.292, 7.142, 13.906, 4.79, 10.998, 7.113, 9.968, 10.397, 13.259, 11.229, 7.933, 5.184, 9.145]",10.832688577713505,0.9999433873410462,1,wavlm,9,mean
call_ff4042587962,1,4.6193482254942255,6,"[8.385, 1.347, 5.889, 7.091, 4.847, 0.158]",7.115539153416951,0.9902370352610725,1,wavlm,9,mean
call_fff8cae57de7,0,-11.645055510781027,22,"[-6.51, -13.189, -18.808, -17.114, -8.432, -9.228, -13.699, -10.978, -7.442, -9.731, -12.361, -14.519, -15.318, -9.354, -10.986, -15.34, -9.663, -14.644, -11.87, -3.372, -13.939, -9.692]",-16.56495568969033,8.762193603431643e-06,0,wavlm,9,mean
