anon_id,label,split,n_off,energy_f1,energy_prec,energy_rec,energy_n,silero_s,silero_f1,silero_prec,silero_rec,silero_n,silero_speech_s,off_speech_s
call_0181ce113ebe,synthetic,train,10,0.9786155873112394,0.9644426687974431,0.9932112734005348,12,1.629176378250122,0.9436634605221436,0.9704347826086956,0.9183295618185559,13,45.99999999999997,48.57999999999997
call_018c9d3823ac,synthetic,train,10,0.9719353390211046,0.9577433628318585,0.9865542388331814,13,1.1718833446502686,0.9581139848935684,0.9622988505747126,0.9539653600729262,17,43.500000000000014,43.88000000000003
call_01bf49059daf,synthetic,train,10,0.9866881807180314,0.9737261146496815,1.0,10,1.7032077312469482,0.9814309120699072,0.9833105335157318,0.9795584627964022,14,73.1,73.37999999999997
call_01c3806808d6,synthetic,train,10,0.9617357001972386,0.9262917933130699,1.0,10,1.3526160717010498,0.9229559748427673,0.8860377358490567,0.963084495488105,9,26.499999999999986,24.380000000000006
call_0294f969f98b,synthetic,val,14,0.9238197424892703,0.8584247258225324,1.0,14,0.9412679672241211,0.9064124783362218,0.9017241379310345,0.9111498257839721,11,17.4,17.200000000000006
call_02c249d2f89d,synthetic,train,16,0.9438202247191011,0.9035202086049544,0.9878831076265147,16,1.3179433345794678,0.8855337078651685,0.8726643598615917,0.8987883107626514,10,28.89999999999998,28.020000000000024
call_02d28871d7b3,synthetic,train,11,0.9692703397861108,0.9544121567581978,0.9845984598459846,9,1.150402307510376,0.9691936780069649,0.9446475195822455,0.995049504950495,9,38.3,36.36000000000001
call_03680846967f,synthetic,train,10,0.9863355669425831,0.9762028608582575,0.9966808284652151,11,1.5508215427398682,0.9269779686850492,0.9692842654303101,0.8882103027084439,20,69.00000000000003,75.30000000000003
call_04d682ac0cef,human,train,10,0.96916430805899,0.9489498249708285,0.9902587519025875,9,1.6758692264556885,0.9618528610354223,0.9566395663956639,0.9671232876712329,9,33.199999999999996,32.83999999999998
call_05d6615469e1,synthetic,train,27,0.9599818443150011,0.9230433517602561,1.0,27,1.5017023086547852,0.9391394813108419,0.8884983127109112,0.9959022852639874,19,71.1,63.41999999999998
call_0615c3630150,human,train,28,0.9179963643708342,0.931161647203442,0.9051981676956782,26,1.2559340000152588,0.6843718079673136,0.9533973674848808,0.5337582154949213,11,28.09999999999998,50.17999999999997
call_064d8dd77899,synthetic,train,12,0.9450726978998385,0.9034749034749034,0.9906858594411516,10,1.2392654418945312,0.9199531433033971,0.8536231884057971,0.9974597798475868,11,27.60000000000001,23.6
call_06b5a78ea12e,synthetic,train,12,0.9772857415537316,0.963130173062453,0.9918636187524216,10,1.1017708778381348,0.960711918962416,0.9394556563599333,0.9829523440526927,11,54.000000000000014,51.60000000000001
call_0847d7417bb1,synthetic,val,12,0.958594730238394,0.9246196403872753,0.9951618905842947,13,0.9425759315490723,0.9381983240223464,0.8835909240381453,1.0,12,30.400000000000013,26.83999999999999
call_092aef8d1243,human,train,27,0.9070915619389587,0.910770617395223,0.9034421099687081,26,1.1092150211334229,0.5764959901295497,0.9298507462686567,0.4177469825659365,10,20.099999999999994,44.68000000000003
call_098d8081babe,synthetic,train,9,0.9756507136859782,0.9524590163934427,1.0,9,1.3165028095245361,0.9724666477434005,0.9623595505617978,0.9827882960413081,10,35.60000000000001,34.840000000000025
call_099dffdf8486,synthetic,train,12,0.9550964657674578,0.9283106538333886,0.9834739803094233,13,0.8970649242401123,0.9484113426716775,0.9222591362126246,0.9760900140646976,11,30.1,28.439999999999984
call_0a9c546208d1,human,train,7,0.9696969696969697,0.9411764705882353,1.0,7,0.9811570644378662,0.9592573491490459,0.9577754891864058,0.9607438016528925,7,19.400000000000006,19.32000000000002
call_0ab7d2a0c0f5,human,train,17,0.8790349983010534,0.9315808426359381,0.8321003538115149,12,0.996351957321167,0.8577340920848422,0.9245353159851301,0.7999356706336442,11,26.9,31.08
call_0cf2f4a71328,synthetic,val,17,0.9710391822827938,0.9477184555699243,0.9955365806326412,18,1.370875358581543,0.9553437967115097,0.9210952981444784,0.9922375315350281,13,55.50000000000001,51.52000000000001
call_0e101713ee94,synthetic,train,15,0.979868395335201,0.9669538382409669,0.9931325937665082,18,1.8672845363616943,0.8739831596974454,0.9506364483079789,0.808769149498151,22,64.4,75.68000000000004
call_0e1e2f29bfdc,human,val,12,0.9518956379942927,0.9310207336523126,0.9737281067556297,11,1.0625927448272705,0.8861838101034692,0.8629000395100751,0.9107589658048374,11,25.300000000000008,23.960000000000008
call_10aa0d1d33f0,human,val,16,0.9397081413210445,0.9046210720887246,0.9776268477826608,14,1.195073127746582,0.8486871384067646,0.9578101456554495,0.7618857371154615,8,19.9,25.00000000000003
call_10ceaf16fbbf,synthetic,train,9,0.9772310913373462,0.9574358974358974,0.9978621058257616,10,1.5200562477111816,0.9514588512364255,0.9320687003332478,0.9716729021913415,9,39.000000000000014,37.39999999999998
call_11d3230256a1,human,train,13,0.9369300911854104,0.93267776096823,0.9412213740458015,11,1.0847175121307373,0.9024096385542169,0.9521186440677966,0.8576335877862595,9,23.599999999999994,26.180000000000007
call_120d6007bcc1,synthetic,val,16,0.9713548862485033,0.9443051575931232,1.0,16,1.4496757984161377,0.9546464272491669,0.9323811245706021,0.978001137872179,14,55.29999999999997,52.72
call_1612f093f8b5,human,train,45,0.8433282478582326,0.729099025974026,1.0,41,1.1376147270202637,0.5301110128696336,0.9014366855997327,0.3754522682994712,17,29.900000000000016,71.79999999999997
call_16581bcbc272,human,train,15,0.9400660689004248,0.9302615193026152,0.9500794912559618,13,0.9971451759338379,0.8893589326391149,0.910696434521826,0.8689984101748808,12,30.000000000000007,31.420000000000012
call_1761edbd6952,human,train,36,0.8657488771724272,0.9600476396708532,0.7883179231863442,39,1.4636428356170654,0.5604682231694128,0.9852382017445761,0.3916251778093883,17,44.7,112.42
call_181a5049ecae,synthetic,val,16,0.9384789278217343,0.9161412358133669,0.9619331347236014,18,1.1579258441925049,0.9034364795521692,0.8519061583577713,0.9616021185038067,14,34.09999999999999,30.180000000000014
call_185e958a253b,human,val,18,0.9389671361502347,0.919175911251981,0.9596293845135672,14,1.0499870777130127,0.9282714597681841,0.9426816786079836,0.914295168762409,14,29.300000000000008,30.21999999999999
call_186e9d6ee732,synthetic,train,11,0.9293554742471151,0.8680336487907466,1.0,11,1.0300676822662354,0.8970388481390926,0.8133004926108375,1.0,10,20.29999999999999,16.499999999999993
call_189410107163,synthetic,train,40,0.8175301591001807,0.6913750616067028,1.0,50,1.6788618564605713,0.756322665707779,0.652398676592225,0.8996293128029655,15,96.69999999999995,70.08000000000001
call_18bd3c505fd5,synthetic,train,12,0.9648905410987195,0.9411764705882353,0.9898305084745763,12,1.2668993473052979,0.9451086956521739,0.9104712041884817,0.9824858757062147,12,38.19999999999998,35.379999999999995
call_198ef413fe4a,human,val,11,0.9699048807110556,0.9415682712685437,1.0,11,1.0342836380004883,0.9579777813556594,0.9593679458239278,0.9565916398713826,9,30.99999999999999,31.080000000000016
call_1a2f3635b411,synthetic,train,9,0.9773819621147866,0.9557644456732098,1.0,9,1.2055063247680664,0.9210526315789473,0.9014123511492661,0.9415678333815447,12,36.10000000000002,34.56
call_1ad99899456c,synthetic,train,15,0.9792728034056808,0.9605695509309967,0.9987188612099644,16,1.5722019672393799,0.976105886450714,0.9557980900409276,0.9972953736654804,14,73.29999999999997,70.22000000000001
call_1ba56b3cce45,synthetic,train,8,0.9870454748503529,0.9751103265666372,0.9992764109985528,8,1.2914981842041016,0.938264789769068,0.9546901329339075,0.9223950795947902,10,53.400000000000006,55.260000000000026
call_1bf0aa4d4324,human,train,12,0.9713600958657879,0.9538714991762768,0.989501953125,12,1.2696397304534912,0.9403277084861824,0.9419402253797158,0.938720703125,12,40.80000000000003,40.93999999999998
call_1c1c0cce9fb5,human,val,26,0.8569133984740999,0.7533537302894798,0.9934823091247672,30,1.3236722946166992,0.8411774488608016,0.9061268362594053,0.7849162011173184,13,27.880000000000024,32.12000000000005
call_1cc930924760,synthetic,train,25,0.7300011033873993,0.5748045178105995,1.0,37,1.0617570877075195,0.5965700285830952,0.4503699136868064,0.8833131801692866,14,64.86000000000001,33.020000000000024
call_1ee2936b46a7,synthetic,train,10,0.9697729052466719,0.9413195500152022,1.0,10,0.8442740440368652,0.9623364187679541,0.9511041009463722,0.9738372093023255,11,31.700000000000003,30.940000000000012
call_224586045e67,human,train,19,0.9483038907553918,0.9390427130285469,0.9577495621716288,20,1.095977544784546,0.9044834307992202,0.9496749337828077,0.8633975481611208,20,41.50000000000003,45.64000000000002
call_22d0f235a47e,human,train,18,0.9289507679058419,0.9301523426271917,0.9277522935779816,14,1.7701871395111084,0.8682926829268293,0.9270833333333334,0.8165137614678899,15,30.700000000000035,34.83999999999999
call_22eacbc23d18,human,train,18,0.9258332235542089,0.9296296296296296,0.9220676987667279,18,1.3238153457641602,0.8904867256637168,0.9412452499269219,0.844922592495408,16,34.20000000000002,38.08000000000001
call_23991b635849,human,train,16,0.9695196753798245,0.9550102249488752,0.9844768110387121,13,1.6217281818389893,0.9403420132141469,0.9536854552621206,0.927366807205826,13,50.70000000000003,52.13999999999996
call_24e1989c4d6d,synthetic,train,35,0.6575882794891059,0.49136842105263157,0.9937553221686063,59,1.3687293529510498,0.584916522740357,0.49205734211545915,0.7209764405336361,16,51.60000000000002,35.19999999999999
call_253156878935,synthetic,train,11,0.950965824665676,0.9221902017291066,0.9815950920245399,10,1.18678879737854,0.9321783224170717,0.9000407996736026,0.9666958808063103,12,24.5,22.80000000000002
call_26be2ced1f65,synthetic,train,10,0.9796511627906976,0.9601139601139601,1.0,10,1.6628780364990234,0.966313162819713,0.9483673469387756,0.9849512505298855,11,49.000000000000014,47.16000000000001
call_2741c273bfcc,synthetic,train,24,0.9619509095241878,0.9279693486590038,0.9985158311345647,25,1.5101096630096436,0.9343905472636815,0.8838235294117647,0.9910949868073878,19,67.99999999999999,60.63999999999993
call_290aacdf95ca,synthetic,train,11,0.9489700374531835,0.9028953229398664,1.0,11,1.1784374713897705,0.9280524958987579,0.8839285714285714,0.9768130241736557,10,22.400000000000013,20.259999999999998
call_29a23dea3118,synthetic,train,15,0.9604923076923076,0.9239876864788066,1.0,15,1.3989105224609375,0.9453305734810666,0.9004871259568545,0.9948744233726294,11,43.099999999999994,38.98000000000004
call_29e423c5b8aa,human,train,35,0.9061386968363713,0.8402953176607733,0.9831779949988634,31,1.3931021690368652,0.7495424836601308,0.8818824976930175,0.6517390315980904,18,32.500000000000014,43.93999999999993
call_29f2b21b3d8a,synthetic,train,9,0.9787747711497837,0.970283207020343,0.9874162776537446,10,1.0712811946868896,0.9626168224299065,0.9434808029623855,0.9825451593261619,10,51.30000000000001,49.260000000000005
call_29fddbedd6a4,human,train,18,0.9636186980459894,0.9354433032907148,0.9935440783615316,17,1.6250934600830078,0.9515918011338858,0.9324786324786325,0.9715048975957258,17,46.79999999999995,44.90000000000003
call_2a34be1bd407,human,train,20,0.9383418138281951,0.9131954558695019,0.9649122807017544,16,1.3298561573028564,0.8996733551096594,0.909433962264151,0.8901200369344414,12,31.79999999999999,32.42
call_2cd6a0b37e59,synthetic,train,6,0.9663281667557456,0.9348500517063082,1.0,6,0.9005625247955322,0.9275586491363753,0.8686624818928054,0.9950221238938053,7,20.69999999999999,18.079999999999995
call_2d2c74bdeb7b,human,train,11,0.9670555057043969,0.946312092323131,0.9887287024901704,12,1.1114685535430908,0.9495765472312704,0.944041450777202,0.9551769331585845,12,38.599999999999994,38.14000000000002
call_2d4374d86df7,synthetic,val,44,0.6074851074851075,0.43625034873988655,1.0,52,1.549194574356079,0.557106428667293,0.40652237782783274,0.8848859518226391,21,102.09999999999998,46.85999999999991
call_30c4f6565eec,synthetic,train,10,0.9743722495469842,0.9509853461344113,0.9989384288747346,10,1.1322565078735352,0.9633589777024384,0.9469366829018201,0.9803609341825902,10,39.000000000000014,37.65999999999998
call_312805f2b67f,synthetic,train,16,0.9400479616306955,0.8868778280542986,1.0,16,1.9984300136566162,0.9285061254342659,0.8692228688805204,0.9964678178963893,12,29.19999999999999,25.459999999999976
call_3332ecee2806,human,train,37,0.8992523364485981,0.9204132389515974,0.879042572629271,28,1.7055633068084717,0.7693708274327331,0.8617720371629277,0.694865704366892,18,44.10000000000004,54.699999999999996
call_349b9fddaff0,human,train,16,0.9404462834343136,0.9285088999124599,0.9526946107784431,16,1.4075183868408203,0.8962145110410095,0.947,0.8505988023952096,11,29.99999999999998,33.38
call_34f4c668dbe8,human,train,63,0.9005300135584864,0.9353875042676681,0.8681771369721936,59,2.1069321632385254,0.5781153996536893,0.9801136363636364,0.40996593519765506,18,52.79999999999999,126.14000000000006
call_35966c559fcc,human,train,19,0.9448818897637795,0.945273631840796,0.9444904722452361,15,0.8974761962890625,0.8267041023241304,0.9498207885304659,0.731842032587683,9,27.89999999999999,36.17999999999999
call_36640e327eaf,human,train,44,0.8877524929685502,0.921443736730361,0.8564380858411446,39,1.4219233989715576,0.5801526717557252,0.9443620178041543,0.4186811379707285,13,26.960000000000008,60.69999999999997
call_36d72e4b1aef,synthetic,val,12,0.9696358825752803,0.9410613842015163,1.0,12,1.2820587158203125,0.9468190854870775,0.9071428571428571,0.9901247401247402,11,41.99999999999998,38.46000000000001
call_373750027ccd,synthetic,train,13,0.9731155523993101,0.9476388065599683,1.0,13,1.3773632049560547,0.9642563681183237,0.9502024291497976,0.9787322768974145,12,49.399999999999984,47.95999999999999
call_374f870c8124,synthetic,train,24,0.6922795462861324,0.5293788472299944,1.0,39,1.4901041984558105,0.6450344149459194,0.5363232889511796,0.8090204369274137,11,42.79999999999998,28.320000000000014
call_37e63dcc8185,synthetic,train,10,0.9784121741182022,0.9632984901277584,0.9940076701821668,9,1.2920594215393066,0.9660056657223796,0.9516279069767442,0.9808245445829339,10,43.0,41.72
call_387c5493a07f,synthetic,train,12,0.9696673189823874,0.9429115128449096,0.9979859013091642,13,1.4906809329986572,0.9514140681653372,0.9149232914923291,0.9909365558912386,13,42.99999999999999,39.699999999999996
call_39880aff21ed,synthetic,train,19,0.9644979430138656,0.9326653897156328,0.9985802176999526,18,1.6841468811035156,0.9515015015015015,0.9077496060736284,0.9996844928222117,10,69.8,63.36000000000003
call_3adbf4ac0f30,human,train,24,0.9576298184135075,0.9266337854500617,0.990771259063942,23,1.474400281906128,0.8979416809605489,0.9361587982832618,0.8627224785761372,20,55.89999999999999,60.639999999999986
call_3b1bf9fab29d,human,train,11,0.9410485098977595,0.9223880597014925,0.9604795737122558,12,1.2481462955474854,0.9027589326096789,0.919815668202765,0.8863232682060391,10,21.700000000000003,22.519999999999996
call_3b9afdd4a2df,human,val,25,0.9156429156429157,0.8742571160462934,0.9611416781292985,23,1.4787936210632324,0.811605415860735,0.9274977895667551,0.7214580467675378,15,22.600000000000016,29.039999999999985
call_3ca96b2dd5c4,human,train,25,0.9542896128261982,0.9318787475016655,0.9778049632995456,26,1.9171192646026611,0.915346708905315,0.9218362282878412,0.9089479203075848,22,56.40000000000004,57.179999999999964
call_3cd08cbaf55c,synthetic,train,14,0.9655254398478365,0.9393939393939394,0.9931523599902177,13,1.2386572360992432,0.9488339714584059,0.9026490066225166,1.0,13,45.29999999999998,40.860000000000014
call_3d69be34ef44,human,train,17,0.9404808829325976,0.9369109947643979,0.9440780796623582,17,1.2040269374847412,0.890114552397115,0.9594512195121951,0.830123977842258,17,32.80000000000001,37.87999999999996
call_3f3ac4984431,human,train,21,0.9631779430437148,0.9421575585521647,0.9851576994434137,22,1.5105347633361816,0.9554491899852725,0.9481183777858969,0.9628942486085343,22,54.70000000000001,53.859999999999985
call_415d987a1504,synthetic,train,15,0.9240568348848603,0.862368541380887,0.9952506596306069,16,1.113722801208496,0.8951672862453531,0.8439252336448598,0.9530343007915567,8,21.400000000000013,18.939999999999998
call_41fc5fd779c9,synthetic,train,8,0.9386548410938654,0.8844011142061281,1.0,8,0.6686007976531982,0.9389312977099237,0.9111111111111111,0.968503937007874,7,13.500000000000002,12.7
call_450b4e13468b,synthetic,train,12,0.972463302260795,0.955770850884583,0.9897491821155944,14,1.1912384033203125,0.9733832175307322,0.9545073375262054,0.993020719738277,12,47.69999999999999,45.820000000000036
call_4789ebd9b148,synthetic,train,22,0.9272138533014219,0.885691231845078,0.972821270310192,20,1.1410801410675049,0.89184372858122,0.8319693094629156,0.9610044313146233,9,39.10000000000002,33.82
call_47bef2f628eb,human,val,14,0.864406779661017,0.7611940298507462,1.0,20,1.270815134048462,0.9291156011924478,0.8815210559396606,0.9821428571428571,13,31.80000000000004,28.54000000000005
call_486215b37ca1,human,train,46,0.8508502356074575,0.744665590819437,0.9923536439665472,28,1.255347490310669,0.46869727377675163,0.9128329297820823,0.3152927120669056,13,28.90000000000001,83.63999999999996
call_488e7b893457,human,train,19,0.9359414663282066,0.915303738317757,0.9575313168347083,18,1.34151291847229,0.8461908580593425,0.8906144496961512,0.8059883898564009,14,29.6,32.70000000000006
call_4ac92327c83b,human,train,17,0.9715555555555555,0.9461565096952909,0.9983558640847643,17,1.289588212966919,0.9530213706705969,0.9611668524712003,0.9450127877237852,14,53.80000000000007,54.72000000000004
call_4affad158a4c,synthetic,val,20,0.9277528649725959,0.8722673329169269,0.9907768712309329,19,1.463367223739624,0.9083197389885808,0.8408335850196316,0.9875842497339482,15,33.10000000000001,28.18
call_4b1bec58d02d,synthetic,train,42,0.7429706411768358,0.5910527355322931,1.0,65,1.9362401962280273,0.5713357869668759,0.4225442318469298,0.8818713450292398,20,124.90000000000009,59.740000000000045
call_4baef170cf46,human,train,17,0.9620853080568721,0.9431890179514255,0.9817542316992746,16,1.2791094779968262,0.8786992630717043,0.939,0.8256759727412618,14,40.0,45.45999999999999
call_4c278007298d,human,train,14,0.9573674092502544,0.9421322056532384,0.973103448275862,18,1.0575497150421143,0.9217635364284879,0.9381099738157581,0.9059770114942529,16,42.000000000000014,43.5
call_4c8c40f7c2fd,human,train,16,0.9252776842813868,0.927775902801215,0.9227928835179591,14,1.3288507461547852,0.9238095238095239,0.9362288865908307,0.9117153407183619,14,29.000000000000004,29.779999999999987
call_4cd5b14fbe3c,synthetic,train,13,0.969893676552882,0.9456569183762549,0.9954054674936825,12,1.2355260848999023,0.9592649988930706,0.9256569109164708,0.9954054674936825,13,46.8,43.51999999999998
call_4d8129939686,synthetic,train,9,0.9707786526684165,0.9506511309115833,0.9917769038255273,8,1.219618797302246,0.9603429796355841,0.9596572652624062,0.9610296746514122,9,28.000000000000007,27.959999999999987
call_4e60206f7e8a,human,train,13,0.9512449679439392,0.9398939304655274,0.9628735285239963,12,0.7866613864898682,0.9316751113158299,0.948125,0.9157862964080894,11,31.999999999999993,33.12
call_4e9cec0da4ea,synthetic,train,13,0.963383479988646,0.9293537787513692,1.0,13,1.1242175102233887,0.9489454545454545,0.9370870439528871,0.9611078373600471,9,34.80000000000001,33.93999999999996
call_4f0dad5104b3,human,train,36,0.8513330963384287,0.9296583850931677,0.7851803278688525,38,1.2933995723724365,0.6393065628869626,0.9817984243412117,0.4739672131147541,14,36.79999999999999,76.16000000000004
call_51851f91f064,human,train,22,0.9229505503532117,0.8997437540038437,0.9473861720067454,19,1.0974507331848145,0.8264831690533755,0.9212271973466003,0.7494097807757167,9,24.100000000000016,29.58
call_5273f6be303c,human,train,20,0.9396332863187589,0.9141053787047201,0.9666279744631456,19,1.3282597064971924,0.9010077059869591,0.9206541490006057,0.8821822402785838,15,33.0,34.42000000000005
call_52ba7c3bd761,synthetic,train,11,0.969901401141671,0.9415617128463476,1.0,11,1.1106319427490234,0.9561324977618622,0.9159519725557461,1.0,9,40.800000000000004,37.34000000000003
call_52bfee0220ab,synthetic,train,25,0.952418172936004,0.9091587390412237,1.0,25,1.1195697784423828,0.9337805462386201,0.8761014206078044,0.9995896594173164,17,55.60000000000002,48.719999999999985
call_54a09817b7e2,synthetic,train,11,0.9560333139647492,0.9267743146826887,0.9872,10,0.8454458713531494,0.9436619718309859,0.9234303215926493,0.9648,11,26.099999999999994,24.97999999999999
call_565b6523733e,human,train,15,0.9367806505421185,0.9298013245033112,0.9438655462184874,15,0.8531091213226318,0.8530734632683659,0.963998305802626,0.7650420168067227,10,23.600000000000023,29.719999999999988
call_568b5e814bc3,human,train,23,0.9387442572741195,0.9041297935103245,0.9761146496815286,21,1.0525233745574951,0.8746281342966425,0.9380127620783957,0.8192675159235668,15,32.900000000000006,37.660000000000025
call_569ffb0869eb,human,val,23,0.9291530944625407,0.9251351351351351,0.933206106870229,15,0.9341690540313721,0.8801921446736366,0.9134897360703812,0.8492366412213741,12,34.099999999999994,36.66000000000002
call_56f58de34ea0,synthetic,train,15,0.9444539394975218,0.8947538860103627,1.0,15,1.171844720840454,0.9282714597681841,0.8661442006269593,1.0,13,31.900000000000027,27.600000000000016
call_578504f9f39e,synthetic,train,8,0.9782608695652174,0.9574468085106383,1.0,8,1.0158483982086182,0.9640772921800026,0.9455609259730349,0.9833333333333333,8,39.30000000000002,37.8
call_57f113803718,human,train,23,0.9133903960539678,0.9032998565279771,0.9237089201877934,18,1.157480001449585,0.8856755535472209,0.9099350046425255,0.8626760563380281,14,32.3,34.02000000000007
call_5823cd70919d,synthetic,train,10,0.9693043344130804,0.9461005721168323,0.9936748893105629,11,0.9694912433624268,0.9247553345098668,0.9384565288179746,0.9114484503478811,13,30.70000000000002,31.6
call_58a0f7394bc3,synthetic,train,12,0.9734945103693025,0.954337899543379,0.9934359438660028,13,0.9981155395507812,0.9493339157021183,0.9170886075949367,0.9839293798098687,15,47.40000000000001,44.16
call_58ed2170e352,human,val,19,0.9369012223323423,0.9026098026734564,0.9739010989010989,18,0.8978116512298584,0.8905240488155061,0.9327067669172933,0.8519917582417582,14,26.59999999999998,29.100000000000012
call_5a6307557d57,human,train,17,0.957039911308204,0.940359477124183,0.9743227990970654,18,0.9656541347503662,0.938384560400286,0.9510286873370037,0.9260722347629797,16,34.50000000000001,35.44
call_5a7a7e3c9588,synthetic,train,21,0.9484259879437374,0.9061433447098977,0.994847775175644,19,0.9671468734741211,0.9139186295503212,0.8418145956607495,0.9995316159250586,13,50.7,42.69999999999999
call_5c9d19646f57,human,train,21,0.8448722695298038,0.9109780439121756,0.7877114256127028,16,0.43434739112854004,0.6153483992467044,0.9674315321983715,0.45115636865723163,7,13.500000000000002,28.959999999999987
call_5d86f0ca06aa,synthetic,train,9,0.9567673256571801,0.9171178675551853,1.0,9,0.9916067123413086,0.9326556543837357,0.8738095238095238,1.0,7,25.199999999999992,22.019999999999996
call_5e4539a471f6,synthetic,val,24,0.6175195143104943,0.4466750313676286,1.0,30,0.7797293663024902,0.5959000280819995,0.4583153347732181,0.8515248796147673,13,46.29999999999999,24.919999999999995
call_5f7a4b3e8ca9,human,train,30,0.906877347493848,0.8965428937259923,0.9174528301886793,23,0.9247174263000488,0.7845107892403193,0.8996610169491526,0.6954926624737946,14,29.499999999999993,38.139999999999986
call_6058d9c5c82f,synthetic,val,13,0.9630914826498422,0.9288104654700334,1.0,13,1.3336966037750244,0.9385757145112901,0.9060975609756098,0.9734687192924992,13,32.79999999999999,30.52000000000001
call_60ffdefc5f5a,human,train,19,0.9293450232078391,0.897410358565737,0.9636363636363636,17,1.799621343612671,0.8630085852930198,0.9056012534273404,0.8242424242424242,17,25.50000000000001,28.03999999999997
call_624a4731ab56,human,train,24,0.9084004452301447,0.9717047205490965,0.8528399311531841,23,1.4495322704315186,0.7858491936655528,0.9604048295454546,0.6649864765183182,25,56.30000000000005,81.29999999999998
call_63a156c6b8d9,human,train,11,0.9474689589302769,0.9117647058823529,0.9860834990059643,10,1.116912603378296,0.9271264928101389,0.9096126255380201,0.9453280318091452,10,20.900000000000023,20.119999999999983
call_64637c20ee66,human,val,38,0.8950971322849214,0.9175042670206713,0.8737583528986816,30,1.2314565181732178,0.6603062426383981,0.9492041991195395,0.5062308109084341,11,29.500000000000007,55.300000000000026
call_65a7cdefc22d,human,train,27,0.9250945775535939,0.866524923222301,0.9921558020016229,27,1.0892961025238037,0.6973439350363728,0.9308943089430894,0.5574790370570734,12,22.10000000000002,36.93999999999998
call_6756c4a91509,synthetic,train,13,0.9701940850277264,0.9421135292797846,1.0,13,1.4317295551300049,0.951962032642667,0.9261261261261261,0.9792807811383663,13,44.40000000000003,41.98000000000001
call_678ee1dd2242,human,val,15,0.9615306330144514,0.9615306330144514,0.9615306330144514,13,1.4584226608276367,0.9232882502113271,0.960008789277082,0.889273356401384,14,45.500000000000014,49.11999999999997
call_68544c09a58b,synthetic,train,7,0.9452971271153089,0.8962686567164179,1.0,7,1.3375270366668701,0.9534421010744131,0.913109756097561,0.9975020815986678,7,13.100000000000012,11.999999999999982
call_6971b2685c1d,human,val,10,0.9439158738107161,0.9249263984298332,0.9637014314928425,9,0.8529691696166992,0.8827800829875518,0.8957894736842106,0.8701431492842536,6,18.999999999999996,19.540000000000006
call_6afd8cabf618,synthetic,train,11,0.9663732140279983,0.9349343758726613,1.0,11,1.1537442207336426,0.9558950706255405,0.9236768802228412,0.9904420549581839,11,35.89999999999996,33.46000000000001
call_6b0cc9c966a1,human,train,17,0.9487179487179487,0.935741935483871,0.962058901565402,15,1.2882609367370605,0.8898876404494382,0.945389435989257,0.840541257628018,13,33.49999999999999,37.67999999999998
call_6b31fbd81fc3,synthetic,train,34,0.677445578538524,0.5137690094533498,0.9941675503711559,56,1.4905619621276855,0.567056204785754,0.4360912981455064,0.8104453870625663,16,70.09999999999997,37.67999999999999
call_6b6499e4474f,synthetic,train,8,0.9776422764227642,0.9627220415311484,0.9930322580645161,11,1.2237021923065186,0.9741811175337187,0.9698209718670077,0.9785806451612903,7,39.10000000000001,38.739999999999995
call_6c8d4490f8d7,synthetic,val,8,0.9809143364403018,0.9644337770019638,0.9979679385865884,9,1.0947821140289307,0.9658706793152328,0.933994095318431,1.0,9,47.40000000000003,44.279999999999966
call_6d88a2e95795,human,train,43,0.8595662443633241,0.8973324366733916,0.8248506078714197,31,1.3607587814331055,0.7074235807860262,0.896584440227704,0.5841747372759118,18,31.600000000000044,48.419999999999966
call_6dfa70c50ea5,synthetic,train,24,0.7800376647834275,0.6402844334518473,0.9978318477475308,38,1.2098474502563477,0.6728902856086515,0.5458908218356329,0.8768971332209107,13,66.67999999999998,41.47999999999998
call_6e83cb807322,human,train,16,0.9683419074000792,0.9444230027016596,0.9935038570848559,15,1.4449217319488525,0.9549567665393123,0.94601593625498,0.964068209500609,13,50.19999999999998,49.23999999999998
call_70101b573bb2,synthetic,train,25,0.9483220094708668,0.90633608815427,0.9943868739205527,24,1.3959846496582031,0.9163066412137044,0.8569817703439203,0.9844559585492227,21,53.199999999999946,46.260000000000026
call_70de89818ee5,synthetic,train,26,0.9499736703528173,0.9083585095669687,0.9955849889624724,24,1.4555339813232422,0.9250021282029455,0.8608778323562034,0.9994481236203091,18,63.10000000000003,54.32000000000002
call_716d56beca2a,human,train,32,0.9213142694820566,0.922449753507774,0.9201815774541328,28,1.8267853260040283,0.782048482201354,0.9250839576336863,0.6773217325515415,19,38.7,52.85999999999993
call_71fec5a6b017,synthetic,train,12,0.9544822102961638,0.9139703083365055,0.9987520798668885,12,0.9189083576202393,0.9386624455876533,0.8950943396226415,0.9866888519134775,11,26.499999999999968,24.020000000000028
call_743448b8a861,synthetic,val,13,0.9513162639740353,0.9071526822558459,1.0,13,0.8822567462921143,0.9399777695442757,0.9192028985507247,0.9617134192570129,14,27.59999999999998,26.36
call_74b20933dd43,human,val,32,0.8715650430475292,0.9118953603158934,0.8346510051953919,24,1.2734062671661377,0.7036089798238135,0.948295672156262,0.5592952337926361,14,26.100000000000012,44.24000000000001
call_750153d8eb40,human,train,26,0.7521451819706085,0.6027505532722099,1.0,29,1.2025227546691895,0.7706243032329989,0.8221825750817723,0.7251507998950957,18,33.599999999999994,38.11999999999999
call_7519d635bbbb,synthetic,train,14,0.9583743035070469,0.920075519194462,1.0,14,1.3182322978973389,0.9488403819918144,0.9462585034013605,0.9514363885088919,10,29.399999999999977,29.240000000000002
call_7601ac7d4fbf,synthetic,train,10,0.9768672809253087,0.9617834394904459,0.9924317864967138,12,1.2099034786224365,0.9556794834164954,0.9392307692307692,0.9727145986855208,10,51.999999999999986,50.19999999999996
call_76856257e3ef,synthetic,train,13,0.9392423159399571,0.8854447439353099,1.0,13,0.5220305919647217,0.8918302145139206,0.8104520945665699,0.991374936580416,11,24.100000000000012,19.679999999999986
call_7744ab92baa3,human,train,44,0.9027335071959819,0.9026463202627004,0.9028207109737248,30,1.6012301445007324,0.7813154125812493,0.9089976928992566,0.6850850077279753,16,39.0,51.67999999999995
call_794031bf2233,synthetic,train,40,0.605475040257649,0.4341801385681293,1.0,55,1.369511604309082,0.36769270563890327,0.2317411150961852,0.889549436795995,13,122.66000000000001,31.91999999999998
call_7a250598cb8b,synthetic,train,21,0.9397324168405548,0.8933488914819137,0.9911962713619886,20,1.2629613876342773,0.919732441471572,0.8536585365853658,0.9968928016571724,14,45.10000000000002,38.60000000000001
call_7a345e2b0f37,synthetic,train,11,0.9602104570864847,0.9305289993626513,0.9918478260869565,10,1.1411364078521729,0.9444979146615335,0.8948328267477204,1.0,8,32.90000000000001,29.440000000000005
call_7ae75e4aa32f,synthetic,train,27,0.9587257829849146,0.9218082756589604,0.9987236758136566,27,2.4864919185638428,0.9433676559660812,0.8976945244956772,0.9939374601148692,23,69.3999999999999,62.63999999999997
call_7b14e69a57bd,synthetic,train,17,0.42361255456246105,0.26872362869198313,1.0,27,2.7338039875030518,0.23113207547169812,0.141776096149566,0.6251226692836114,12,44.90000000000001,10.140000000000033
call_7b1e73c133f8,synthetic,val,11,0.9532592747851604,0.9106928313976772,1.0,11,1.4969027042388916,0.9149560117302052,0.8736,0.9604221635883905,10,24.999999999999986,22.74000000000001
call_7d4f3b80384e,synthetic,train,8,0.9768794129862938,0.963407973784817,0.9907329401853412,8,1.38669753074646,0.9744157101369105,0.9599455040871935,0.9893288402134232,7,36.70000000000002,35.6
call_7d5b26105bb5,synthetic,train,9,0.9758557457212714,0.9565608148591971,0.9959451029320024,9,1.16652512550354,0.9502207337494292,0.928040440083259,0.9734872114784778,9,33.60000000000001,32.06
call_7f82debeb19b,human,train,16,0.949323773830862,0.9145996860282575,0.9867886178861789,15,2.3654987812042236,0.8932524098536238,0.9441509433962264,0.8475609756097561,12,26.5,29.500000000000014
call_802282383eb2,synthetic,train,8,0.9706521739130435,0.9429778247096093,1.0,8,1.4670708179473877,0.9474062107341591,0.9125172890733056,0.9850690556177678,9,28.9,26.78000000000003
call_810c24005ecc,synthetic,val,17,0.939595192915876,0.8940716220282877,0.9900033322225925,16,1.0092978477478027,0.9141351518908866,0.854534917415242,0.9826724425191603,9,34.5,30.000000000000014
call_810e3066a7b4,synthetic,val,13,0.9516034985422741,0.935064935064935,0.9687376335575781,14,1.1824305057525635,0.9320310942794499,0.9389558232931727,0.925207756232687,9,24.900000000000006,25.239999999999988
call_81b12145be34,synthetic,train,16,0.9458924447377103,0.9098698825769597,0.9848849192717279,17,3.3444628715515137,0.9368455497382199,0.894407997500781,0.9835108210237032,16,31.999999999999993,29.080000000000005
call_81b98c77cf99,human,train,16,0.9638793770020988,0.9445767482138991,0.9839873703202526,16,2.2993433475494385,0.9544487968662563,0.9473450344367919,0.961659900766802,14,45.00000000000002,44.30000000000001
call_850d796d23a7,synthetic,train,13,0.9634997316156736,0.9383167799268165,0.9900717043574186,15,1.274237871170044,0.9613733905579399,0.9357702349869451,0.9884169884169884,13,38.30000000000004,36.240000000000016
call_8570ae0e7d61,synthetic,train,14,0.9758535835127653,0.9571579423744154,0.9952941176470588,17,2.0917441844940186,0.9725921337875503,0.9602507261886561,0.9852549019607844,14,65.4,63.74000000000003
call_8834a90f11cd,human,train,10,0.9684547638110489,0.9388388699161752,1.0,10,1.1978166103363037,0.9197032151690024,0.9171325221966459,0.9222883597883598,10,30.39999999999999,30.22
call_8893de2fe204,synthetic,train,8,0.9878884462151395,0.9760667611399779,1.0,8,1.5282578468322754,0.9742147963691863,0.97024,0.9782222939183739,7,62.5,61.97999999999999
call_88cd54e1e505,synthetic,train,9,0.9687650168188371,0.9554502369668246,0.9824561403508771,7,1.1843280792236328,0.95496918944541,0.9295601353429714,0.98180636777128,8,32.5,30.760000000000005
call_88d7858b7921,synthetic,train,8,0.9851707317073171,0.9707748509901942,1.0,8,1.2070398330688477,0.969744138534877,0.9529636711281071,0.9871261635967519,8,52.3,50.46000000000002
call_893d552b156a,human,train,16,0.9513513513513514,0.9445026178010472,0.9583001328021248,17,1.3057363033294678,0.9453770317079669,0.9484095161721465,0.9423638778220451,16,37.39999999999999,37.63999999999998
call_8a3996f823e4,human,train,17,0.9566404916353705,0.9461954074741108,0.9673187571921749,14,1.2148144245147705,0.9337257210123602,0.9556626506024096,0.9127733026467204,13,41.49999999999997,43.40000000000007
call_8a570a10920b,synthetic,train,14,0.9765959231608087,0.9542622950819672,1.0,14,1.6706161499023438,0.9639526090244517,0.9434210526315789,0.9853976979900361,14,60.79999999999993,58.19999999999998
call_8a61615c9927,human,train,35,0.9082024432809773,0.8731543624161073,0.9461818181818182,32,1.4959485530853271,0.7611118571236739,0.8531005418422637,0.687030303030303,17,33.20000000000002,41.19999999999996
call_8a9391c1823b,human,train,30,0.9402930402930403,0.9038732394366197,0.9797709923664122,29,1.160158634185791,0.8088927828277297,0.9491133384734002,0.7047709923664122,12,38.900000000000006,52.360000000000035
call_8ade6f74aa33,synthetic,train,17,0.9566680689945309,0.9221411192214112,0.9938811188811189,18,1.2613983154296875,0.9091918911413496,0.8684350132625994,0.953962703962704,14,37.7,34.28000000000002
call_8ae3fce602f3,synthetic,train,16,0.9476704929101958,0.9069466882067851,0.9922234004948746,15,1.5785090923309326,0.9418367346938775,0.9075712881022615,0.9787910922587487,11,30.50000000000003,28.279999999999994
call_8c2ebe3761bb,synthetic,train,10,0.9794276519940237,0.9596846846846847,1.0,10,1.235915184020996,0.9630221410636841,0.9373472561652966,0.9901431588828914,11,45.0,42.58000000000001
call_8c6b33721067,synthetic,train,9,0.9882921670821059,0.9768553083470211,1.0,9,1.3604755401611328,0.9584521698913128,0.9667236821645157,0.9503210027514521,12,64.29999999999995,65.4
call_8cafd2754e55,synthetic,val,15,0.9636998624193036,0.9299428104575164,1.0,13,1.5543863773345947,0.955854530166071,0.9165490828462004,0.998682187568636,12,49.60000000000001,45.52000000000004
call_8d3ea77f4bb4,synthetic,train,16,0.9424291644107562,0.8911262798634813,1.0,16,1.285792350769043,0.9287531806615776,0.8837772397094431,0.9785522788203753,10,28.9,26.04000000000002
call_8d6cd93e02b8,human,train,15,0.9545655050727834,0.9263698630136986,0.9845313921747043,15,2.3331408500671387,0.9185115402731983,0.9521484375,0.8871701546860783,13,30.700000000000042,32.94000000000001
call_8d75a71e6126,synthetic,val,12,0.9747052518756699,0.9506585824796153,1.0,12,1.6310031414031982,0.9657688593196695,0.9430008382229673,0.9896635144051023,14,47.70000000000002,45.45999999999998
call_8da8b9947630,human,val,14,0.9466537342386033,0.9339712918660287,0.95968534906588,12,1.8235907554626465,0.9246917694101966,0.9403592002710945,0.9095378564405113,10,29.50000000000001,30.500000000000036
call_8e6c9fa78a21,synthetic,train,10,0.9720705258230613,0.945658773527626,1.0,10,1.221083641052246,0.9450127877237852,0.9411015600127348,0.9489566613162119,9,31.400000000000013,31.100000000000055
call_8ed994ce484f,synthetic,train,12,0.9726114649681529,0.9523908523908524,0.9937093275488069,11,1.5447347164154053,0.95491452991453,0.9408421052631579,0.96941431670282,11,47.50000000000001,46.060000000000024
call_8ee1e10130a2,synthetic,train,11,0.9734933403666095,0.9483556012332991,1.0,11,1.114612102508545,0.9523935817530832,0.9327272727272727,0.9729070712544026,11,38.5,36.90000000000002
call_8f8e2145bc91,synthetic,train,8,0.9800146234462588,0.9608124253285544,1.0,8,1.0598194599151611,0.9445884240404788,0.9375306222439981,0.9517532952001989,11,40.8,40.19999999999999
call_9083846f078a,synthetic,train,9,0.9821033581339231,0.964836033188463,1.0,9,1.4126567840576172,0.9710959454034525,0.9523622047244095,0.9905814905814906,10,50.800000000000026,48.820000000000014
call_91a25cd95998,synthetic,train,13,0.9615613825983313,0.9259684361549498,1.0,13,1.236311435699463,0.930984274898078,0.8780554792639385,0.9907034397273009,14,36.39999999999999,32.25999999999999
call_924e8a27e4de,human,train,15,0.9275735294117647,0.9134685010861694,0.9421209858103062,14,1.6495413780212402,0.88801645167321,0.889180082366155,0.8868558625840179,13,26.700000000000003,26.759999999999973
call_925ba94f05a4,synthetic,val,43,0.7235675980807226,0.567318757192175,0.9985976939856653,68,2.1322073936462402,0.6642768850432633,0.550501946322475,0.8373325023371767,19,97.59999999999998,64.10000000000002
call_927c1f5f2007,synthetic,train,12,0.9799494219653179,0.9606870904905259,1.0,12,1.5300674438476562,0.9624944320712695,0.9313793103448276,0.9957603686635945,13,57.99999999999997,54.220000000000034
call_9491f635b944,synthetic,train,8,0.9517502365184485,0.907942238267148,1.0,8,1.3562211990356445,0.9216734822271154,0.8772455089820359,0.9708416169648774,8,16.69999999999999,15.040000000000013
call_94a8c8502249,human,train,31,0.9201225740551583,0.9017017017017017,0.9393117831074036,27,1.4911773204803467,0.8414580588493632,0.888476698353814,0.7991657977059436,24,43.10000000000001,47.859999999999985
call_957a8384caff,synthetic,val,10,0.9810074318744839,0.9672516736023159,0.9951600893521966,12,1.3924448490142822,0.9664011718392383,0.9508196721311475,0.9825018615040954,9,55.5,53.680000000000014
call_95ccefc6e4ce,human,val,22,0.9572859905079979,0.9410748228788665,0.9740654623502056,21,2.0536768436431885,0.957235961074904,0.955614973262032,0.958862457521016,20,56.10000000000001,55.87999999999998
call_9741efdd34af,human,train,12,0.9608290883541191,0.9372858122001371,0.9855855855855856,10,1.3532564640045166,0.9322314049586777,0.950561797752809,0.9145945945945946,9,26.700000000000003,27.720000000000024
call_97701e543c60,synthetic,train,33,0.6290171020484872,0.45880740233036327,1.0,42,1.2852637767791748,0.5309991079393399,0.4235901085216154,0.7113833283537496,13,56.200000000000074,33.419999999999995
call_989dad5aa1af,human,train,15,0.9456503998694303,0.9309125964010283,0.9608623548922056,13,1.1747310161590576,0.9417920209287116,0.9287326668816511,0.9552238805970149,12,30.99999999999999,30.099999999999998
call_9a3d5b0a64a3,human,val,25,0.9559365486300272,0.9390838973713206,0.9734051231848588,25,1.9965124130249023,0.9382022471910112,0.92323487600695,0.9536629140153369,26,63.299999999999955,61.27999999999996
call_9bb847dfc83e,human,val,11,0.9502113668388915,0.905145413870246,1.0,11,1.1108665466308594,0.9263360616273472,0.9028625058657908,0.9510627780523975,10,21.300000000000004,20.220000000000013
call_9c2dbbd1fe2e,synthetic,train,9,0.9795145847250055,0.962582056892779,0.9970534904805077,10,1.317856788635254,0.9645452543492623,0.9379014989293362,0.9927470534904805,9,46.70000000000003,44.10000000000001
call_9dc1a304389f,synthetic,train,18,0.95771719038817,0.9283314669652856,0.9890240992603198,17,1.379838466644287,0.9481618926127797,0.9223826714801444,0.9754235266046289,14,44.30000000000001,41.89999999999999
call_9f11e2c5441c,human,val,22,0.9177489177489178,0.9386259541984733,0.8977803738317757,16,1.289137363433838,0.8463060686015831,0.9719696969696969,0.7494158878504673,11,26.400000000000034,34.220000000000006
call_a0fbbe7bfec4,human,train,21,0.9292695473251029,0.9216836734693877,0.9369813278008299,19,1.5238912105560303,0.8943502070255109,0.9220600385568714,0.8682572614107884,16,36.30000000000001,38.54000000000001
call_a2aa58c1750b,human,train,17,0.9491911021233569,0.9185420743639922,0.9819560669456067,19,1.3171937465667725,0.9318844420885237,0.9446534121440086,0.9194560669456067,14,37.19999999999996,38.19999999999998
call_a381913d938c,synthetic,train,24,0.6770899003908712,0.5118185284025925,1.0,40,0.873772382736206,0.6266382200548614,0.5303069383543977,0.7657355679702048,12,38.75999999999998,26.82000000000001
call_a3a1f51a4bf9,synthetic,val,11,0.9615046581121462,0.9258632362897766,1.0,11,1.1936571598052979,0.9377506538796861,0.8963333333333333,0.983180987202925,11,29.999999999999993,27.340000000000007
call_a426226cf8b9,synthetic,train,20,0.9163163928162018,0.869155491119971,0.9688888888888889,17,1.3120276927947998,0.857492141110723,0.7551522608428176,0.9919191919191919,15,32.5,24.720000000000027
call_a4683528fef4,human,train,18,0.9517739025856885,0.9275668073136427,0.977278340330946,16,1.5594232082366943,0.8899117759877253,0.9225874867444327,0.8594714744381329,15,37.7,40.46000000000002
call_a49598543013,synthetic,train,15,0.9746379991224221,0.9505306401917152,1.0,15,1.5688214302062988,0.9527021184608733,0.916333998669328,0.9920763551233568,13,60.1,55.500000000000014
call_a6481017c744,synthetic,train,15,0.9404437524328533,0.8908554572271387,0.9958779884583677,16,1.1047375202178955,0.8959757023538345,0.8304011259676284,0.9727947238252267,12,28.400000000000006,24.239999999999995
call_a71916766a4f,synthetic,train,9,0.969155275148966,0.940156409384563,1.0,9,1.1858770847320557,0.9667630057803468,0.9657163478888487,0.9678119349005425,8,27.700000000000003,27.64000000000004
call_a766613f8c8a,human,train,20,0.8946350043975374,0.9315018315018315,0.860575296108291,12,0.807905912399292,0.8364116094986808,0.9438536792854104,0.7509306260575296,8,23.499999999999993,29.52
call_a7c95e99f3b6,human,val,30,0.8091085271317829,0.6896551724137931,0.9786111924992675,31,1.1129019260406494,0.7934818756235451,0.9173394848135332,0.6990917081746264,13,25.999999999999986,34.120000000000005
call_a7df1d46e72b,synthetic,train,15,0.9746674574260781,0.9532648326151807,0.9970532154619518,16,1.5199918746948242,0.9307420494699646,0.9490181949198343,0.9131565262610505,20,55.49999999999996,57.66
call_a7ea289a43fd,synthetic,train,21,0.9459764918625678,0.9044737410849363,0.9914712153518124,21,1.5450398921966553,0.9234303215926493,0.8577524893314367,1.0,17,49.199999999999996,42.199999999999974
call_a8ca5b456ce4,synthetic,train,11,0.9825471698113207,0.9656930922577655,1.0,11,1.4582483768463135,0.9719788460020522,0.9590342679127726,0.9852776444231077,11,64.19999999999997,62.48000000000002
call_a9d29125d786,synthetic,train,7,0.9530896150113232,0.9103831891223733,1.0,7,0.8923368453979492,0.9484126984126984,0.9245647969052224,0.9735234215885947,6,15.500000000000002,14.72000000000001
call_abf730747901,human,val,17,0.9276723652075897,0.9158011869436202,0.9398553483060526,13,1.6202402114868164,0.8024956970740104,0.9228104898565067,0.7099352874000762,8,20.199999999999992,26.259999999999987
call_ac80248cae29,synthetic,train,7,0.9844686043931662,0.9694122787852305,1.0,7,4.076177358627319,0.9665860628709606,0.9433597940356147,0.9909848997070092,7,46.60000000000001,44.36
call_acda78859d0d,human,train,15,0.953943580886586,0.9195338512763596,0.9910287081339713,14,2.9781882762908936,0.931132783195799,0.9343571213489913,0.9279306220095693,12,33.2,33.42000000000001
call_ad8e23b11d98,synthetic,train,18,0.9082911809984605,0.8515463917525773,0.9731385485391141,16,1.2598204612731934,0.868318656563588,0.7678377399492937,0.9990574929311969,12,27.60000000000001,21.199999999999974
call_adf30039caa2,synthetic,train,11,0.9417322834645669,0.8898809523809523,1.0,11,1.2380902767181396,0.9034928848641656,0.8430709802028006,0.9732441471571907,12,20.700000000000006,17.900000000000006
call_aed9b45d6c31,synthetic,train,16,0.9535219399538106,0.9182652210175146,0.9915941158811168,15,1.178403615951538,0.944943494639235,0.91318958274993,0.978985289702792,14,35.70000000000002,33.299999999999976
call_af9ad367dcce,synthetic,val,11,0.9724628025760604,0.9544463818657367,0.9911724762335898,11,1.6913833618164062,0.9477684873493322,0.9108745564600292,0.9877772747849706,10,47.89999999999997,44.15999999999999
call_b0836ff3142a,synthetic,train,12,0.9602015113350126,0.9261418853255587,0.9968619246861925,13,2.300772190093994,0.9383618541285927,0.8962234211361473,0.9846582984658299,12,31.500000000000014,28.659999999999997
call_b167dd907a80,synthetic,train,11,0.9790376369699857,0.9699496538703587,0.9882975312600193,15,1.981393575668335,0.9641658209071746,0.939735200121747,0.9899006091696056,14,65.69999999999997,62.36000000000003
call_b2594d9c3ffd,synthetic,train,8,0.9861648318952693,0.9764324642804537,0.9960931630353118,10,2.2808849811553955,0.9709833024118738,0.9592375366568915,0.9830202854996244,11,68.19999999999999,66.54000000000003
call_b382ffa5187d,human,train,9,0.9600338337914993,0.9333881578947368,0.9882455376578145,9,2.011629104614258,0.943259385665529,0.9247176913425345,0.9625598606878537,8,23.900000000000002,22.960000000000008
call_b3f14bd5c2b6,synthetic,train,14,0.9528158295281582,0.9173505275498242,0.9911336288790373,13,2.8722643852233887,0.9211973121563837,0.8896755162241888,0.9550348321722609,8,33.900000000000006,31.57999999999995
call_b41c86402714,human,train,23,0.9023665608031964,0.8221019227179391,1.0,21,1.3660047054290771,0.49117819215653485,0.9320850523643288,0.33344686648501365,13,31.5,88.05999999999999
call_b5840ec7dd5e,synthetic,train,18,0.956758034026465,0.9189741261915569,0.9977821586988664,19,1.3411948680877686,0.9438097458615062,0.8955752212389381,0.9975357318876293,16,45.19999999999998,40.54000000000001
call_b5c4803ea37c,human,train,10,0.9448903156768326,0.9270341207349081,0.9634478996181124,8,0.9889402389526367,0.9435462496686986,0.9175257731958762,0.9710856519367158,9,19.399999999999995,18.32
call_b5cc1f8d8fee,human,val,28,0.9290813898143742,0.8997464853652916,0.9603936039360393,24,1.5410418510437012,0.8695426195426196,0.92150922610851,0.8231242312423124,20,36.299999999999976,40.59999999999992
call_b658b1155216,human,val,24,0.935767707875055,0.914445399828031,0.9581081081081081,22,1.8070952892303467,0.8563631853138179,0.9530646051905025,0.7774774774774775,19,36.20000000000002,44.37999999999995
call_b712f501aeb8,synthetic,val,41,0.7776203093228172,0.6361528379877004,1.0,56,1.918529748916626,0.6695426072568255,0.5338296268375424,0.8977812995245642,19,106.10000000000004,63.06000000000001
call_b72eccd91b8c,synthetic,train,14,0.9613978057700122,0.9423791821561338,0.9811998894111141,13,1.5201623439788818,0.9338766925200473,0.8902255639097745,0.9820293060547415,12,39.89999999999999,36.160000000000004
call_b78e6c8e05d3,human,train,18,0.9223843526855015,0.9331030150753769,0.9119091467157765,13,1.23811936378479,0.9028352978655623,0.93841059602649,0.8698588090853284,11,30.199999999999967,32.58
call_b7c3a7552903,synthetic,train,11,0.9615873015873015,0.9409754582168375,0.9831223628691983,9,1.4233477115631104,0.960799873036026,0.9400621118012422,0.9824732229795521,8,32.199999999999996,30.79999999999997
call_b956718b62ae,synthetic,train,15,0.9387675507020281,0.9021739130434783,0.9784552845528456,13,1.169463872909546,0.9251461988304094,0.8887640449438202,0.9646341463414634,13,26.699999999999978,24.559999999999988
call_b96e9305d9a2,human,train,33,0.9043957305176173,0.906789413118527,0.902014652014652,24,1.2893588542938232,0.8206625206244448,0.9208202791227571,0.7401556776556777,13,35.099999999999994,43.66000000000004
call_bac44092a11a,human,train,28,0.9253164556962026,0.889294403892944,0.9643799472295514,24,1.582824468612671,0.8805812417437252,0.8817460317460317,0.8794195250659631,19,37.80000000000002,37.86000000000001
call_bba20372ca37,synthetic,train,13,0.9692272623660816,0.9423758865248227,0.997653683716565,14,1.4436395168304443,0.9561373682420945,0.9247971935978953,0.9896762083528859,14,45.60000000000002,42.59999999999998
call_bc24a38d8bf2,synthetic,train,18,0.9227216201812045,0.8565303430079155,1.0,17,1.0145936012268066,0.8695494843495567,0.8201365187713311,0.9252984212552946,11,29.300000000000008,25.940000000000015
call_bc2c7c34acea,human,val,20,0.9380396909559158,0.9105882352941177,0.9671977507029054,17,1.7791931629180908,0.9140041328882531,0.93042071197411,0.8981568259918775,16,30.9,31.97999999999999
call_bc7120020303,human,train,24,0.942314415569281,0.8909211106214191,1.0,24,1.434920310974121,0.922202486678508,0.8845979100408905,0.9631461785802622,22,44.000000000000036,40.41999999999996
call_bd2262567810,human,train,32,0.948327312706141,0.9100226073850791,0.9899983603869487,31,2.5067670345306396,0.9298036409889499,0.9024691358024691,0.9588457124118708,27,64.79999999999993,60.94000000000007
call_bd98a8224da0,human,val,22,0.9326137689614936,0.9072077185017026,0.959483793517407,18,1.3619060516357422,0.8455101383971677,0.9115197779319917,0.7884153661464586,12,28.800000000000026,33.26000000000002
call_bda847d77eef,human,train,17,0.944872554831061,0.9026047565118913,0.9912935323383084,16,1.2764346599578857,0.9238210399032648,0.8988235294117647,0.9502487562189055,14,33.99999999999997,32.159999999999954
call_bdfa814252df,synthetic,train,15,0.9436689111512564,0.9080278128950695,0.9822222222222222,13,1.450007438659668,0.9316790203029326,0.8811338006705273,0.9883760683760684,13,32.8,29.24000000000001
call_be72006df132,human,val,19,0.9144615384615384,0.9120294599018003,0.9169066227889757,13,1.1963183879852295,0.8910380399742102,0.9329432943294329,0.8527354997943233,13,22.19999999999999,24.30000000000002
call_bf0384ed27ed,human,val,23,0.9480325800160606,0.9192436040044494,0.9786830885836096,21,1.4957489967346191,0.9438099588853358,0.9113365681517424,0.9786830885836096,21,45.300000000000004,42.179999999999964
call_bf4ed1a05c84,human,train,22,0.8059145900113742,0.6749220644267405,1.0,32,1.3040618896484375,0.617060447990181,0.7672644028996566,0.5160379779317423,13,26.20000000000002,38.95999999999998
call_c04725672945,synthetic,val,12,0.9818359647897164,0.9719225449515906,0.9919536984754376,13,1.6772005558013916,0.9696927856403176,0.9489258208350223,0.9913890457368718,12,74.0,70.80000000000003
call_c1cbe639d50f,synthetic,train,7,0.9634864546525324,0.9333637608397992,0.9956183057448881,8,0.826345682144165,0.904397705544933,0.888262910798122,0.9211295034079844,7,21.299999999999997,20.53999999999999
call_c1d95df7a179,synthetic,train,11,0.9571495109455054,0.9202866099417824,0.9970887918486172,11,1.0337378978729248,0.9271749755620723,0.9340226489414082,0.9204269771955361,9,20.299999999999997,20.599999999999994
call_c21f9cf2390e,synthetic,val,23,0.9402677651905252,0.8872691933916423,1.0,23,1.3294503688812256,0.9186384917120081,0.8539167254763586,0.9939759036144579,19,42.49999999999998,36.499999999999986
call_c337629bcbbb,human,train,27,0.9289655982153341,0.9350035452611676,0.923005132991134,20,1.3222155570983887,0.7678372352285395,0.9532871972318339,0.6427904806346244,14,28.899999999999977,42.82000000000001
call_c3417b995627,synthetic,train,13,0.9561286001339585,0.9159448187359641,1.0,13,1.1405138969421387,0.9443371378402107,0.946830985915493,0.9418563922942207,10,28.399999999999977,28.540000000000013
call_c3a3ab5fa472,synthetic,train,17,0.9764002987303958,0.9538888078213921,1.0,17,1.813032865524292,0.968742938916924,0.9541543026706232,0.9837846106776809,15,67.39999999999993,65.34000000000003
call_c3e9e24958f7,synthetic,train,32,0.9594979296066253,0.9221489864444721,1.0,32,1.952906847000122,0.9402263767010047,0.8895439778606666,0.9970330411328389,28,83.10000000000001,74.10000000000004
call_c49b6face6c3,synthetic,val,11,0.9580618892508144,0.9194998046111762,1.0,11,1.0840563774108887,0.9195215892965741,0.8790697674418605,0.9638759031024224,8,25.8,23.520000000000017
call_c4fc8a865292,human,val,25,0.9342228708433232,0.9248710010319917,0.943765796124684,27,1.5530552864074707,0.9020994475138121,0.9488609948860995,0.8597304128053918,25,43.000000000000085,47.45999999999998
call_c509bc8280ae,human,train,16,0.9319703912583716,0.9095287237702099,0.9555475243946513,14,1.2301979064941406,0.8736158839251623,0.9259409146094698,0.8268883267076256,13,24.700000000000017,27.63999999999999
call_c5b04c36bb62,synthetic,train,27,0.7856545572795689,0.6469778117827085,1.0,36,1.2707886695861816,0.7199476537670593,0.5952086553323029,0.9108325449385052,15,64.70000000000002,42.22000000000001
call_c647ee088162,human,train,16,0.9281629735525375,0.9351818509182571,0.9212486697410429,14,1.2112758159637451,0.8406079501169135,0.9325551232166018,0.7651649521106776,13,23.100000000000044,28.140000000000004
call_c67ce09b3316,synthetic,train,12,0.9395777723853433,0.8975428836346778,0.9857433808553971,12,1.348848819732666,0.9059872611464969,0.9066802651708312,0.905295315682281,8,19.599999999999987,19.639999999999993
call_c6daaae3eb0f,human,train,11,0.9293989071038251,0.9211438474870017,0.9378032642258491,12,1.035916805267334,0.8781484002722941,0.9042056074766355,0.8535509483899426,10,21.40000000000002,22.659999999999993
call_c6e878157063,human,train,20,0.9660860052175376,0.94923102364809,0.9835503769705277,19,1.3660178184509277,0.951048951048951,0.9466893039049236,0.9554489376285127,21,58.900000000000006,58.33999999999997
call_c87e905eb0d7,synthetic,train,14,0.9638614480430161,0.9302437846970794,1.0,14,1.1570076942443848,0.9589533093894305,0.9482496194824962,0.969901401141671,12,39.400000000000006,38.48000000000001
call_ca184bb77a63,human,val,27,0.9488433794876047,0.9358848544324501,0.9621657978812846,25,1.1199672222137451,0.9079137916347219,0.9200621546961326,0.8960820581805953,17,57.900000000000006,59.43999999999999
call_ca5206a4f854,synthetic,train,15,0.9697565236379517,0.945295870583227,0.9955167002914145,14,1.1064379215240479,0.9347503142498,0.9533799533799534,0.9168347904057387,17,42.900000000000006,44.6
call_cbad95f3aabc,synthetic,train,10,0.9583597548087085,0.9200487012987013,1.0,10,1.0392251014709473,0.8909012505390255,0.8713622943905525,0.9113365681517424,9,23.700000000000017,22.659999999999997
call_cbb902adb22a,human,train,39,0.9286868544930794,0.9299282397636134,0.9274487791187201,39,1.5543782711029053,0.598704268292683,0.9323442136498516,0.44092057255122086,17,33.7,71.14000000000004
call_ce3072c8e106,synthetic,train,13,0.954160125588697,0.9123386370459321,1.0,13,1.2088632583618164,0.9306836248012719,0.9003383574284836,0.9631457716354064,8,32.5,30.37999999999996
call_ce6146a1c53e,synthetic,train,18,0.9553620632646314,0.9205607476635514,0.9928980526918672,17,1.5611436367034912,0.9362589138782227,0.8983157894736842,0.9775486827033218,13,47.49999999999999,43.620000000000026
call_cea74e96e420,synthetic,train,12,0.9633581356170153,0.9293066088840737,1.0,12,1.1822009086608887,0.9475733555833681,0.9061170212765958,0.9930049548236666,8,37.599999999999966,34.29999999999998
call_cf313f91b995,human,val,12,0.9449766094898641,0.9270104895104895,0.963652885052249,9,1.1290743350982666,0.9453490965871069,0.9285714285714286,0.9627442071785552,10,22.800000000000008,21.980000000000018
call_d0442c9e97b7,synthetic,train,43,0.7838796477495108,0.6445740722116061,1.0,56,1.6542716026306152,0.6749663526244953,0.5268318305173773,0.9389920424403183,24,114.20000000000003,64.01999999999997
call_d13864e1e455,synthetic,train,17,0.936472979840759,0.8890318430363461,0.9892627057981389,16,1.411797285079956,0.9066930431915595,0.8404645476772616,0.984251968503937,13,32.7,27.899999999999984
call_d13e6463c6fb,human,train,14,0.9598795015746954,0.950121984277582,0.9698395130049806,10,1.339526653289795,0.9369067560022334,0.9453521126760563,0.9286109573879358,9,35.5,36.12000000000002
call_d147a02786d2,synthetic,train,8,0.9845861486486487,0.9698419301164726,0.9997855917667239,8,1.352719783782959,0.9521806508744742,0.9842105263157894,0.9221698113207547,12,43.69999999999996,46.620000000000026
call_d17b2416d506,synthetic,train,10,0.9675877520537715,0.9418435591741785,0.9947788697788698,12,1.3239805698394775,0.9437076333628058,0.9070821529745042,0.9834152334152334,10,35.3,32.559999999999995
call_d38f7d5159e7,human,train,17,0.8970409404134576,0.943307757885763,0.8551004636785162,12,0.996823787689209,0.8518441341946239,0.924468566259611,0.7897990726429676,11,22.100000000000005,25.860000000000007
call_d3e854cbb77d,human,train,21,0.9083357204239473,0.9247594050743657,0.8924852237545736,18,1.3095335960388184,0.7728564265418686,0.951440329218107,0.6507177033492823,9,24.299999999999997,35.480000000000025
call_d437831f4543,synthetic,train,11,0.9608177172061328,0.929159802306425,0.9947089947089947,12,1.2357847690582275,0.9269731136166522,0.9119453924914676,0.9425044091710758,9,29.299999999999994,28.320000000000014
call_d4518fcb700a,synthetic,val,9,0.9832846908994428,0.9686356508102457,0.9983836206896551,10,1.2944297790527344,0.9692928583962098,0.9475128644939965,0.9920977011494253,8,58.29999999999998,55.67999999999998
call_d557fa43925b,human,train,22,0.8938223938223938,0.9533287577213452,0.8413082980012114,16,1.2454848289489746,0.7025719378660555,0.9510513615994485,0.5570361397133051,12,29.0,49.49999999999999
call_d5d00276dd35,human,train,65,0.8540120183810533,0.9001490312965723,0.812373907195696,43,1.3299150466918945,0.5137079525568734,0.9266923886355665,0.35534633490248824,9,28.500000000000014,74.27999999999992
call_d60330be1b1f,human,val,17,0.9473276529821844,0.9366862394689813,0.9582136328022982,15,1.5453968048095703,0.9244808887713265,0.9364951768488746,0.9127709584747976,16,37.300000000000054,38.24000000000002
call_d72a7cb67eb0,human,train,20,0.9574490112848121,0.9259110933119744,0.9912111468381565,20,1.5366277694702148,0.931023488149644,0.9232715008431703,0.9389067524115756,17,47.4,46.580000000000055
call_d80d9f6f7884,human,train,15,0.9423635529735515,0.9390615478366849,0.945688861613992,11,1.2507822513580322,0.9325365623525712,0.9564516129032258,0.9097882786130715,10,30.999999999999993,32.56000000000001
call_d88d3c23953c,synthetic,val,18,0.9526303261128303,0.9114097016624915,0.9977561705310396,19,1.5039408206939697,0.9354952414522383,0.8846666666666667,0.9925205684367988,14,45.0,40.08
call_d88d8e15e430,synthetic,train,15,0.9714871412597839,0.9445551730385939,1.0,15,1.5611369609832764,0.9487343507264918,0.9059336823734729,0.9957797813159409,15,57.29999999999996,52.12
call_d89caa393417,synthetic,train,8,0.9822242479489517,0.9650694133452754,1.0,8,0.819406270980835,0.9630630630630631,0.9356673960612691,0.9921113689095128,7,45.69999999999999,43.080000000000005
call_d9b9c625f406,synthetic,train,25,0.9210730345790045,0.8671532846715329,0.9821428571428571,25,1.4091720581054688,0.8875811075901615,0.8162642242575632,0.97255291005291,26,36.000000000000014,30.199999999999996
call_db5326bcb672,human,train,18,0.968787850554365,0.9394651246837731,1.0,18,1.8066587448120117,0.9544846050870147,0.9490397413957026,0.9599923062127332,16,52.57999999999998,51.97999999999997
call_dc1a55102190,human,val,16,0.9496402877697842,0.9290836653386454,0.9711271515824542,16,1.4511854648590088,0.8642717571020592,0.9423139954113405,0.7981676846196557,13,30.500000000000007,36.000000000000014
call_dcdbcc7d70e4,synthetic,train,13,0.9642857142857143,0.9339184305627258,0.996694214876033,14,1.486973524093628,0.943072249372606,0.9058614564831261,0.9834710743801653,14,39.40000000000005,36.26000000000002
call_ddeabfdb99d4,human,train,38,0.9256828662646328,0.9015373985144239,0.9511572808456351,37,1.2712533473968506,0.8302815514865131,0.902804538642689,0.7685438308729725,22,46.70000000000003,54.80000000000003
call_ddf2da1910f1,human,train,18,0.946717278222972,0.92652724270776,0.9678068410462777,16,0.9617435932159424,0.8007730713480432,0.9106227106227106,0.714573153204944,10,27.3,34.74000000000001
call_df3e278ab7fe,synthetic,train,12,0.9697047827768467,0.9411911911911912,1.0,12,1.2295739650726318,0.9582515377568381,0.9435567010309278,0.9734113267747939,10,38.8,37.599999999999994
call_df75973c8794,synthetic,train,14,0.9811007268951194,0.9642128180704858,0.9985907553551296,15,1.5077941417694092,0.9656226126814362,0.9519375599068876,0.979706877113867,15,72.99999999999997,70.92000000000004
call_e0a8703be347,synthetic,train,13,0.9775667876756958,0.9561179898033503,1.0,13,1.4105987548828125,0.9654221077800258,0.9334874622087853,0.9996191201675871,12,56.20000000000003,52.499999999999986
call_e0c1f661d9ca,human,train,18,0.9681023973994312,0.9415135348745307,0.9962366715450554,18,1.1182217597961426,0.9581764951902969,0.9583769085965279,0.957976165586452,16,47.8,47.81999999999999
call_e106a61086bb,synthetic,train,15,0.9559197513421871,0.9250751982499317,0.9888921368021046,15,1.5099952220916748,0.9262634631317316,0.8777806856843758,0.980415083308974,15,38.20000000000001,34.179999999999986
call_e118b75d4937,human,train,27,0.9370586429229352,0.9203860072376358,0.9543464665415885,24,1.330331563949585,0.748977314986984,0.9238532110091743,0.6297686053783614,13,32.69999999999998,47.919999999999995
call_e2200941723b,synthetic,train,27,0.7599038361032716,0.6127781523937964,1.0,33,0.9638104438781738,0.7001733102253033,0.603585657370518,0.8335625859697386,11,50.199999999999996,36.29999999999998
call_e2d538297f0c,human,val,24,0.9653522521036133,0.9420383191112542,0.9898494332600237,22,1.8231825828552246,0.9569118767459578,0.9576414774652661,0.9561833869057689,24,59.00000000000007,59.060000000000045
call_e3064936e37a,synthetic,train,19,0.9519690416571819,0.9134993446920052,0.9938212927756654,16,1.1157901287078857,0.9375557537912578,0.8831932773109243,0.9990494296577946,14,47.59999999999998,42.05999999999999
call_e3084824935d,synthetic,train,10,0.9695038689121529,0.9408127208480566,1.0,10,1.4115419387817383,0.9444360333080999,0.9146627565982405,0.9762128325508607,11,34.100000000000016,31.939999999999984
call_e31bf946a8fa,human,train,12,0.968263693174856,0.9438604873387482,0.9939622641509434,14,1.3634052276611328,0.9644707623982235,0.9462599854756718,0.9833962264150944,11,41.29999999999998,39.73999999999999
call_e329faf2b6a1,synthetic,val,16,0.9577991452991453,0.9323972958918356,0.9846238330587589,19,1.3662917613983154,0.941053183128111,0.8997995991983968,0.9862712795167491,16,39.899999999999984,36.40000000000001
call_e3f555297277,synthetic,val,11,0.9598610575067541,0.9311119430924747,0.9904420549581839,13,1.1088218688964844,0.9226736566186108,0.8706713780918728,0.9812823576264437,9,28.299999999999983,25.100000000000016
call_e4d9c2e0947a,human,train,13,0.9614317425083241,0.9294527896995708,0.9956896551724138,14,1.0432767868041992,0.9604837575587118,0.940512255576976,0.9813218390804598,12,36.3,34.78
call_e58669998b76,human,val,15,0.9489777777777778,0.9140410958904109,0.9866913123844732,14,1.0693285465240479,0.8796728971962616,0.9292472233648704,0.8351201478743069,12,24.30000000000002,27.0
call_e618b7b1fa5b,human,train,20,0.9308361598584279,0.9252418645558487,0.9364985163204748,16,1.2065794467926025,0.845958795562599,0.9078231292517007,0.7919881305637982,13,29.40000000000002,33.66000000000001
call_e697765a4dfd,synthetic,train,8,0.9764044943820225,0.9538968166849616,1.0,8,1.75974440574646,0.9739455880236073,0.9746470757706712,0.9732451093210587,9,34.699999999999974,34.759999999999984
call_e69e8ba551e4,human,train,21,0.9239077074128621,0.943358395989975,0.9052429052429053,17,1.8599348068237305,0.8664325660033815,0.9433588218634947,0.8011063011063011,11,35.29999999999999,41.519999999999996
call_e6c59d28e6d7,synthetic,train,9,0.9684965100924354,0.9472324723247233,0.9907371671169433,8,1.0973026752471924,0.8463578861456845,0.8978354978354979,0.8004631416441529,9,23.099999999999994,25.899999999999995
call_e9bd33cdb226,human,val,21,0.8468729851708575,0.742090395480226,0.9861111111111112,23,1.2946062088012695,0.8885154061624649,0.8840579710144928,0.8930180180180181,12,26.900000000000016,26.61999999999997
call_eb1c9a5a2c08,human,train,23,0.9356089992242048,0.9215486500254713,0.9501050420168067,18,1.3611512184143066,0.6871998675277364,0.9300761990138952,0.5449054621848739,12,22.300000000000004,38.039999999999985
call_ec545493459e,synthetic,train,16,0.9287240240823461,0.8751830161054173,0.989242863053372,15,1.329369306564331,0.8885197489848653,0.8020659780073309,0.9958626396359123,10,29.99999999999998,24.160000000000007
call_ec58505fc522,human,train,16,0.955687926776115,0.9159008632692843,0.9990886998784934,16,1.2139639854431152,0.9024005053695515,0.9398026315789474,0.8678614823815309,15,30.399999999999984,32.89999999999997
call_ed020e30c242,synthetic,train,15,0.7584842489727591,0.6109340524638391,1.0,23,0.6991684436798096,0.5014084507042254,0.36818352764197065,0.7857142857142857,7,53.160000000000004,24.899999999999995
call_ed041799aed9,human,train,22,0.9473806212331942,0.9282307517601636,0.9673372781065088,22,1.3885290622711182,0.8907211420132907,0.927710843373494,0.8565680473372781,19,39.00000000000002,42.2
call_ed99e3ea3f0e,synthetic,train,12,0.9676290463692039,0.9372881355932203,1.0,12,1.547663927078247,0.9287707446027317,0.9057576625608708,0.9529837251356239,10,34.899999999999984,33.14000000000002
call_ee227bc9d7ac,human,train,24,0.830540827147402,0.9484136594817147,0.7387285417845689,16,1.924715280532837,0.7987366586800262,0.9448595722751868,0.6917562724014337,14,38.79999999999998,52.98000000000003
call_eed2c7389776,synthetic,val,14,0.969580892293826,0.9409577957577083,1.0,14,1.7043688297271729,0.9687570749377405,0.9443831383800485,0.99442249593307,13,45.29999999999998,43.01999999999997
call_f003741555a1,human,train,14,0.9546555901696089,0.9270588235294117,0.9839457723867285,14,1.2345309257507324,0.9160603371783496,0.9113700564971752,0.9207991437745273,12,28.300000000000022,28.019999999999982
call_f0ad1cf1aa6a,synthetic,train,17,0.9442663001985035,0.8996217631655513,0.993573264781491,16,1.1697759628295898,0.9194270367054611,0.8582172701949861,0.9900385604113111,11,35.900000000000006,31.080000000000034
call_f1372119b403,synthetic,train,56,0.6864362168801544,0.5225754742185412,1.0,74,2.139803647994995,0.40347670384601036,0.25827403409904964,0.9216087252897068,18,209.38000000000002,58.619999999999905
call_f1b82a4a46f6,human,val,14,0.9446627373935822,0.9312459651387992,0.9584717607973422,13,1.2332899570465088,0.8886202728371612,0.9252067601582165,0.8548172757475083,11,27.8,30.079999999999995
call_f202d4ff9f96,human,train,30,0.9368646833908422,0.9236851783744023,0.9504257332071901,28,1.3648271560668945,0.8195764909248056,0.9551750188869302,0.7176915799432356,17,39.69999999999997,52.800000000000054
call_f23bfe7d0e9e,synthetic,train,11,0.9775946950668141,0.95786572159874,0.9981534673779237,12,1.3921279907226562,0.9653248306098047,0.9383959705540488,0.9938448912597456,13,51.60000000000002,48.739999999999995
call_f27db4ab1f5a,synthetic,train,18,0.9228315054835493,0.877845220030349,0.9726775956284153,19,0.8037631511688232,0.8724620540114331,0.8214550853749072,0.930222782681799,19,26.9,23.759999999999973
call_f2ab1c408b36,synthetic,train,12,0.9594615745813116,0.9299150485436893,0.9909473003556418,11,1.0963435173034668,0.9510337323177367,0.915868263473054,0.9890074361461364,11,33.39999999999996,30.88000000000001
call_f331303c4fb8,human,train,16,0.9258033106134372,0.9062142584826535,0.9462579617834395,15,1.13138747215271,0.8924532181780793,0.9230114844746916,0.8638535031847133,12,23.500000000000007,25.099999999999994
call_f5251fb3b1d9,synthetic,train,14,0.8626045400238949,0.7934065934065934,0.9450261780104712,13,1.2063524723052979,0.8088935944944415,0.6791111111111111,1.0,8,22.500000000000014,15.280000000000008
call_f68d3459fdc7,synthetic,train,17,0.9582922013820335,0.919924188580905,1.0,17,1.6274700164794922,0.9377919842635849,0.8972006586685486,0.9822302343548802,16,42.49999999999997,38.80000000000002
call_f6ce5de7ac09,synthetic,val,15,0.9608924221053982,0.9327856609410008,0.9907456372289793,15,1.4343864917755127,0.9419585783687037,0.9118811881188119,0.9740877842411423,17,40.40000000000002,37.81999999999998
call_f9fbabf70f7e,synthetic,val,14,0.9554585152838428,0.9147157190635451,1.0,14,1.0009982585906982,0.9363221016561964,0.8809779688339603,0.9990859232175503,11,37.199999999999996,32.79999999999998
call_fa26d1186721,human,val,9,0.9616894038497477,0.9407678244972578,0.9835626911314985,9,1.0981464385986328,0.941891378655526,0.9358490566037736,0.9480122324159022,8,26.499999999999993,26.14
call_fa4d7f2897f4,human,train,24,0.9529928982076429,0.9405874499332443,0.9657299520219328,21,1.892040491104126,0.9429357167411482,0.9458620689655173,0.9400274160383825,22,57.99999999999996,58.34000000000004
call_fa9e18dd83dd,synthetic,val,14,0.9699102159669983,0.9444706994328923,0.9967581047381546,14,1.2367026805877686,0.9416267942583733,0.9048275862068965,0.9815461346633416,12,43.499999999999986,40.1
call_fb1405943fed,human,val,43,0.8622525015967639,0.9109311740890689,0.8185125303152789,28,1.5377871990203857,0.6196269261962692,0.9355102040816327,0.46321746160064675,12,24.50000000000002,49.34000000000011
call_fc8bda4b3374,synthetic,val,16,0.9530378632227766,0.9123349255408822,0.997542242703533,16,1.6483845710754395,0.9541835661709479,0.9335684891240447,0.9757296466973886,14,34.00000000000001,32.540000000000006
call_fce92bad5095,human,train,17,0.964595242485709,0.946273516642547,0.9836404663407295,19,1.6002798080444336,0.9121874384721402,0.9572314049586776,0.8711921775103423,16,48.39999999999998,53.14000000000001
call_fdc3a7dac09f,synthetic,train,7,0.9740683496479478,0.9584319026698209,0.9902234636871509,8,1.3673491477966309,0.9440405748098056,0.9151098000655523,0.9748603351955307,8,30.500000000000014,28.619999999999983
call_fdc44f969ade,synthetic,train,14,0.9814453125,0.9650205761316872,0.9984388305421515,15,1.5527899265289307,0.965531561461794,0.9423128884085382,0.9899233607720692,15,74.00000000000003,70.44000000000005
call_fe828697f60d,synthetic,train,12,0.9739663093415007,0.9530469530469531,0.9958246346555324,14,1.283116340637207,0.9717087120825247,0.9512097580483904,0.9931106471816284,11,50.0,47.879999999999995
call_fe8e4fc3ef69,synthetic,train,36,0.6508261211644375,0.48238861674830885,1.0,63,1.7171530723571777,0.6360317801159545,0.5720355349555813,0.7161508704061895,17,51.76,41.32000000000001
call_feaca5a8cd14,synthetic,train,20,0.9788310615448161,0.9597043636731801,0.9987356442945948,21,1.9300057888031006,0.9656474911949364,0.9365346534653466,0.9966283847855864,16,101.0,94.87999999999994
call_ff4042587962,synthetic,train,12,0.9364682341170585,0.8931297709923665,0.9842271293375394,11,0.7109568119049072,0.8954937679769894,0.8229074889867841,0.982124079915878,12,22.699999999999985,19.019999999999992
call_fff8cae57de7,human,train,16,0.9701446598953524,0.959659004414675,0.9808619884860744,20,1.3963377475738525,0.9496345726088338,0.9701347183898718,0.9299828847051501,17,61.60000000000004,64.25999999999999
