call_id,kind,label,floor_db,median_db,speech_db,range_db,n_energy,n_silero
call_0294f969f98b,original,synthetic,-72.24716186523438,-72.24716186523438,-12.482257843017578,59.7649040222168,14,11
call_0294f969f98b,channel,synthetic,-28.833311080932617,-24.640405654907227,-18.172468185424805,10.660842895507812,0,13
call_0847d7417bb1,original,synthetic,-72.24716186523438,-72.24716186523438,-15.857099533081055,56.39006042480469,13,12
call_0847d7417bb1,channel,synthetic,-34.12320327758789,-26.158540725708008,-21.248680114746094,12.874523162841797,1,12
call_0cf2f4a71328,original,synthetic,-72.24716186523438,-72.24716186523438,-18.239192962646484,54.00796890258789,18,13
call_0cf2f4a71328,channel,synthetic,-37.29680252075195,-36.268619537353516,-17.35601234436035,19.9407901763916,21,12
call_0e1e2f29bfdc,original,human,-72.24716186523438,-72.24716186523438,-23.61804962158203,48.629112243652344,11,11
call_0e1e2f29bfdc,channel,human,-29.005956649780273,-28.132856369018555,-19.79789161682129,9.208065032958984,0,10
call_10aa0d1d33f0,original,human,-72.24716186523438,-72.24716186523438,-18.0626163482666,54.184547424316406,14,8
call_10aa0d1d33f0,channel,human,-34.82471466064453,-34.08372116088867,-18.187366485595703,16.637348175048828,11,6
call_120d6007bcc1,original,synthetic,-72.24716186523438,-72.24716186523438,-11.53819465637207,60.70896911621094,16,14
call_120d6007bcc1,channel,synthetic,-38.11574172973633,-26.838058471679688,-17.839019775390625,20.276721954345703,24,9
call_181a5049ecae,original,synthetic,-72.24716186523438,-72.24716186523438,-16.069700241088867,56.177459716796875,18,14
call_181a5049ecae,channel,synthetic,-28.363399505615234,-24.27975082397461,-16.136018753051758,12.227380752563477,10,12
call_185e958a253b,original,human,-72.24716186523438,-72.24716186523438,-16.676952362060547,55.57020950317383,14,14
call_185e958a253b,channel,human,-57.70185470581055,-53.61346435546875,-27.300344467163086,30.40151023864746,13,12
call_198ef413fe4a,original,human,-72.24716186523438,-72.24716186523438,-13.35982608795166,58.88733673095703,11,9
call_198ef413fe4a,channel,human,-50.678802490234375,-49.867549896240234,-12.266227722167969,38.412574768066406,11,3
call_1c1c0cce9fb5,original,human,-65.52620697021484,-61.34813690185547,-19.303855895996094,46.22235107421875,22,13
call_1c1c0cce9fb5,channel,human,-28.965497970581055,-25.67230224609375,-17.383926391601562,11.581571578979492,7,11
call_2d4374d86df7,original,synthetic,-42.56724166870117,-32.850013732910156,-16.209976196289062,26.35726547241211,47,21
call_2d4374d86df7,channel,synthetic,-44.63148880004883,-43.7453498840332,-20.718400955200195,23.913087844848633,37,13
call_36d72e4b1aef,original,synthetic,-72.24716186523438,-72.24716186523438,-11.500986099243164,60.746177673339844,12,11
call_36d72e4b1aef,channel,synthetic,-31.226787567138672,-25.69149398803711,-16.151912689208984,15.074874877929688,23,10
call_3b9afdd4a2df,original,human,-72.24716186523438,-72.24716186523438,-17.82415771484375,54.423004150390625,23,15
call_3b9afdd4a2df,channel,human,-40.273216247558594,-37.65358352661133,-17.60759735107422,22.665618896484375,13,12
call_47bef2f628eb,original,human,-64.84355163574219,-58.2418098449707,-19.853796005249023,44.98975372314453,14,13
call_47bef2f628eb,channel,human,-25.898103713989258,-22.10772705078125,-14.190608024597168,11.70749568939209,1,11
call_4affad158a4c,original,synthetic,-48.27083969116211,-45.34300994873047,-13.063488960266113,35.20735168457031,20,15
call_4affad158a4c,channel,synthetic,-22.790584564208984,-19.782278060913086,-18.215476989746094,4.575107574462891,0,12
call_569ffb0869eb,original,human,-72.24716186523438,-71.45535278320312,-23.104761123657227,49.14240264892578,15,12
call_569ffb0869eb,channel,human,-29.887691497802734,-26.54599952697754,-18.09650230407715,11.791189193725586,4,11
call_58ed2170e352,original,human,-72.24716186523438,-72.24716186523438,-22.7569580078125,49.490203857421875,18,14
call_58ed2170e352,channel,human,-32.31498718261719,-30.497173309326172,-20.63045310974121,11.684534072875977,3,12
call_5e4539a471f6,original,synthetic,-42.292930603027344,-32.982200622558594,-14.055569648742676,28.237361907958984,29,13
call_5e4539a471f6,channel,synthetic,-26.735286712646484,-24.471208572387695,-16.232778549194336,10.502508163452148,1,9
call_6058d9c5c82f,original,synthetic,-72.24716186523438,-72.24716186523438,-15.534290313720703,56.71287155151367,13,13
call_6058d9c5c82f,channel,synthetic,-42.005184173583984,-41.31938552856445,-23.017940521240234,18.98724365234375,16,12
call_64637c20ee66,original,human,-72.24716186523438,-72.03527069091797,-19.829980850219727,52.41718292236328,30,11
call_64637c20ee66,channel,human,-31.874223709106445,-23.94029426574707,-21.101272583007812,10.772951126098633,2,9
call_678ee1dd2242,original,human,-72.24716186523438,-71.27806854248047,-24.111438751220703,48.13572311401367,13,14
call_678ee1dd2242,channel,human,-42.173118591308594,-41.25288009643555,-15.779052734375,26.394065856933594,16,14
call_6971b2685c1d,original,human,-72.24716186523438,-71.27806854248047,-29.06424331665039,43.182918548583984,9,6
call_6971b2685c1d,channel,human,-65.25019836425781,-61.95930099487305,-34.137062072753906,31.113136291503906,9,7
call_6c8d4490f8d7,original,synthetic,-72.24716186523438,-72.24716186523438,-11.54930591583252,60.69785690307617,9,9
call_6c8d4490f8d7,channel,synthetic,-33.20580291748047,-22.381248474121094,-16.581636428833008,16.62416648864746,54,9
call_743448b8a861,original,synthetic,-72.30179595947266,-72.24716186523438,-11.525015830993652,60.77677917480469,13,14
call_743448b8a861,channel,synthetic,-39.73133850097656,-28.141441345214844,-20.770748138427734,18.960590362548828,47,13
call_74b20933dd43,original,human,-72.24716186523438,-71.83323669433594,-24.708486557006836,47.538673400878906,24,14
call_74b20933dd43,channel,human,-52.58025360107422,-51.52747344970703,-24.461944580078125,28.118309020996094,16,15
call_7b1e73c133f8,original,synthetic,-72.24716186523438,-72.24716186523438,-14.280644416809082,57.96651840209961,11,10
call_7b1e73c133f8,channel,synthetic,-28.99050521850586,-23.8001651763916,-22.47052001953125,6.519985198974609,0,7
call_810c24005ecc,original,synthetic,-43.837093353271484,-40.798789978027344,-13.059028625488281,30.778064727783203,17,9
call_810c24005ecc,channel,synthetic,-43.05276107788086,-39.664337158203125,-17.500946044921875,25.551815032958984,19,6
call_810e3066a7b4,original,synthetic,-72.24716186523438,-72.24716186523438,-20.472564697265625,51.77459716796875,14,9
call_810e3066a7b4,channel,synthetic,-41.772369384765625,-38.553367614746094,-14.641016006469727,27.1313533782959,14,11
call_8cafd2754e55,original,synthetic,-48.88313293457031,-45.66911315917969,-12.259615898132324,36.62351608276367,14,12
call_8cafd2754e55,channel,synthetic,-32.1318473815918,-26.517688751220703,-19.22724723815918,12.904600143432617,9,12
call_8d75a71e6126,original,synthetic,-72.24716186523438,-72.24716186523438,-11.430805206298828,60.81635665893555,12,14
call_8d75a71e6126,channel,synthetic,-37.99541473388672,-28.1400203704834,-22.046974182128906,15.948440551757812,25,15
call_8da8b9947630,original,human,-72.24716186523438,-72.24716186523438,-25.9136962890625,46.333465576171875,12,10
call_8da8b9947630,channel,human,-38.77467346191406,-38.008628845214844,-22.926584243774414,15.848089218139648,13,10
call_925ba94f05a4,original,synthetic,-44.35175323486328,-36.06154251098633,-15.936836242675781,28.4149169921875,44,19
call_925ba94f05a4,channel,synthetic,-38.95047378540039,-38.15422821044922,-21.15351104736328,17.79696273803711,23,11
call_957a8384caff,original,synthetic,-72.24716186523438,-72.24716186523438,-13.625337600708008,58.621826171875,12,9
call_957a8384caff,channel,synthetic,-39.99052810668945,-26.163681030273438,-21.1444091796875,18.846118927001953,25,10
call_95ccefc6e4ce,original,human,-72.24716186523438,-72.24716186523438,-15.809591293334961,56.43756866455078,21,20
call_95ccefc6e4ce,channel,human,-42.290672302246094,-38.253902435302734,-21.722389221191406,20.568283081054688,25,19
call_9a3d5b0a64a3,original,human,-72.24716186523438,-72.24716186523438,-16.14084815979004,56.10631561279297,25,26
call_9a3d5b0a64a3,channel,human,-32.36159896850586,-22.55449104309082,-19.8319091796875,12.52968978881836,6,24
call_9bb847dfc83e,original,human,-72.24716186523438,-72.24716186523438,-24.88325309753418,47.36390686035156,11,10
call_9bb847dfc83e,channel,human,-47.08431625366211,-46.275062561035156,-23.87542724609375,23.20888900756836,11,10
call_9f11e2c5441c,original,human,-72.24716186523438,-72.24716186523438,-20.47906494140625,51.768096923828125,16,11
call_9f11e2c5441c,channel,human,-37.71512985229492,-33.666526794433594,-21.76955223083496,15.945577621459961,14,11
call_a3a1f51a4bf9,original,synthetic,-72.24716186523438,-72.24716186523438,-12.00046157836914,60.246700286865234,11,11
call_a3a1f51a4bf9,channel,synthetic,-28.40739631652832,-22.962684631347656,-18.410316467285156,9.997079849243164,0,11
call_a7c95e99f3b6,original,human,-66.28121185302734,-59.85419464111328,-18.815391540527344,47.4658203125,25,13
call_a7c95e99f3b6,channel,human,-41.4881591796875,-40.77162170410156,-27.371564865112305,14.116594314575195,14,10
call_abf730747901,original,human,-72.24716186523438,-72.24716186523438,-23.198490142822266,49.04867172241211,13,8
call_abf730747901,channel,human,-31.41449546813965,-29.727285385131836,-17.744476318359375,13.670019149780273,13,9
